{"accuracy": [0.14000000059604645, 0.3199999928474426, 0.7200000286102295, 0.800000011920929, 0.8999999761581421, 0.9399999976158142, 0.9399999976158142, 0.9599999785423279, 0.9599999785423279, 1.0, 1.0, 1.0, 1.0, 1.0, 1.0, 1.0, 1.0, 1.0, 1.0, 1.0, 1.0, 1.0, 1.0, 1.0, 1.0, 1.0, 1.0, 1.0, 1.0, 1.0], "loss": [2.275583505630493, 1.898566722869873, 1.6183027029037476, 1.38106369972229, 1.1822097301483154, 1.0174272060394287, 0.8816882371902466, 0.769795298576355, 0.6770637035369873, 0.5996299386024475, 0.5344407558441162, 0.47911950945854187, 0.431817889213562, 0.3910906910896301, 0.3557984232902527, 0.3250344693660736, 0.2980714440345764, 0.2743203341960907, 0.25330063700675964, 0.2346172332763672, 0.21794293820858002, 0.20300492644309998, 0.1895744651556015, 0.1774585247039795, 0.16649341583251953, 0.15653961896896362, 0.14747776091098785, 0.13920509815216064, 0.13163311779499054, 0.12468501925468445], "val_accuracy": [0.03333333507180214, 0.13333334028720856, 0.3333333432674408, 0.4333333373069763, 0.46666666865348816, 0.46666666865348816, 0.5, 0.5666666626930237, 0.5333333611488342, 0.5333333611488342, 0.5333333611488342, 0.6000000238418579, 0.6000000238418579, 0.6000000238418579, 0.6000000238418579, 0.6000000238418579, 0.6000000238418579, 0.6000000238418579, 0.6000000238418579, 0.6000000238418579, 0.6333333253860474, 0.6333333253860474, 0.6333333253860474, 0.6333333253860474, 0.6333333253860474, 0.6333333253860474, 0.6333333253860474, 0.6333333253860474, 0.6333333253860474, 0.6333333253860474], "val_loss": [2.3503098487854004, 2.1441447734832764, 1.968681812286377, 1.8239662647247314, 1.7066643238067627, 1.611935019493103, 1.5348973274230957, 1.471434235572815, 1.41841459274292, 1.3735710382461548, 1.3352642059326172, 1.3022764921188354, 1.2736732959747314, 1.2487163543701172, 1.226813793182373, 1.2074857950210571, 1.1903401613235474, 1.175055742263794, 1.1613681316375732, 1.1490581035614014, 1.1379432678222656, 1.1278712749481201, 1.118713140487671, 1.1103601455688477, 1.1027194261550903, 1.0957112312316895, 1.0892670154571533, 1.0833275318145752, 1.0778414011001587, 1.072763442993164]}