{"accuracy": [0.11999999731779099, 0.3199999928474426, 0.5600000023841858, 0.8399999737739563, 0.9599999785423279, 0.9800000190734863, 1.0, 1.0, 1.0, 1.0, 1.0, 1.0, 1.0, 1.0, 1.0, 1.0, 1.0, 1.0, 1.0, 1.0, 1.0, 1.0, 1.0, 1.0, 1.0, 1.0, 1.0, 1.0, 1.0, 1.0], "loss": [3.6759653091430664, 2.2688050270080566, 1.153254747390747, 0.6955808401107788, 0.4224393665790558, 0.3041347861289978, 0.21390190720558167, 0.16749101877212524, 0.13311240077018738, 0.11134357005357742, 0.09415009617805481, 0.08166936039924622, 0.0716501995921135, 0.06363825500011444, 0.05704028159379959, 0.05152765288949013, 0.04686608538031578, 0.04287312552332878, 0.03942277282476425, 0.03641410917043686, 0.03377080708742142, 0.031433068215847015, 0.029352942481637, 0.02749188430607319, 0.025818709284067154, 0.024307556450366974, 0.02293713577091694, 0.021689562126994133, 0.020549912005662918, 0.019505392760038376], "val_accuracy": [0.2666666805744171, 0.3333333432674408, 0.4000000059604645, 0.5, 0.5, 0.6000000238418579, 0.5666666626930237, 0.6000000238418579, 0.6333333253860474, 0.6333333253860474, 0.6333333253860474, 0.6333333253860474, 0.6000000238418579, 0.6000000238418579, 0.6333333253860474, 0.6333333253860474, 0.6333333253860474, 0.6333333253860474, 0.6333333253860474, 0.6333333253860474, 0.6333333253860474, 0.6333333253860474, 0.6333333253860474, 0.6333333253860474, 0.6333333253860474, 0.6333333253860474, 0.6333333253860474, 0.6333333253860474, 0.6333333253860474, 0.6333333253860474], "val_loss": [2.7337260246276855, 2.0621771812438965, 1.7249892950057983, 1.5372751951217651, 1.442987084388733, 1.3212640285491943, 1.3124005794525146, 1.251926064491272, 1.2433632612228394, 1.2190110683441162, 1.2080198526382446, 1.1940256357192993, 1.1852511167526245, 1.1757467985153198, 1.1677109003067017, 1.1606965065002441, 1.1540285348892212, 1.148108959197998, 1.1426811218261719, 1.1376512050628662, 1.133008599281311, 1.1286951303482056, 1.1246726512908936, 1.1209135055541992, 1.1173893213272095, 1.1140754222869873, 1.1109529733657837, 1.1080043315887451, 1.1052138805389404, 1.1025687456130981]}