{"accuracy": [0.07999999821186066, 0.3199999928474426, 0.5400000214576721, 0.6800000071525574, 0.7799999713897705, 0.8600000143051147, 0.8799999952316284, 0.9399999976158142, 0.9399999976158142, 0.9800000190734863, 1.0, 1.0, 1.0, 1.0, 1.0, 1.0, 1.0, 1.0, 1.0, 1.0, 1.0, 1.0, 1.0, 1.0, 1.0, 1.0, 1.0, 1.0, 1.0, 1.0], "loss": [2.4790995121002197, 2.082658290863037, 1.7904409170150757, 1.5437088012695312, 1.3351091146469116, 1.1595927476882935, 1.0123487710952759, 0.8888037800788879, 0.784843385219574, 0.6969451904296875, 0.6222021579742432, 0.5582659840583801, 0.5032549500465393, 0.4556601643562317, 0.414265900850296, 0.3780866861343384, 0.34631818532943726, 0.31830036640167236, 0.29348793625831604, 0.2714281976222992, 0.251742959022522, 0.23411482572555542, 0.2182760387659073, 0.2039995938539505, 0.19109219312667847, 0.1793885976076126, 0.16874684393405914, 0.15904472768306732, 0.15017661452293396, 0.14205068349838257], "val_accuracy": [0.23333333432674408, 0.2666666805744171, 0.36666667461395264, 0.6000000238418579, 0.6000000238418579, 0.6333333253860474, 0.699999988079071, 0.699999988079071, 0.699999988079071, 0.699999988079071, 0.7333333492279053, 0.7333333492279053, 0.699999988079071, 0.699999988079071, 0.699999988079071, 0.699999988079071, 0.7333333492279053, 0.7333333492279053, 0.7333333492279053, 0.7333333492279053, 0.7333333492279053, 0.7333333492279053, 0.7333333492279053, 0.7333333492279053, 0.7333333492279053, 0.7333333492279053, 0.7333333492279053, 0.7333333492279053, 0.7333333492279053, 0.7333333492279053], "val_loss": [2.1618406772613525, 2.022340774536133, 1.8924269676208496, 1.7742820978164673, 1.67067551612854, 1.582301139831543, 1.5077511072158813, 1.4447733163833618, 1.3912134170532227, 1.3453313112258911, 1.3057787418365479, 1.271497130393982, 1.2416363954544067, 1.2155017852783203, 1.1925216913223267, 1.1722240447998047, 1.1542177200317383, 1.1381776332855225, 1.123832106590271, 1.1109539270401, 1.0993523597717285, 1.0888656377792358, 1.0793566703796387, 1.070708990097046, 1.062822699546814, 1.0556117296218872, 1.049001932144165, 1.0429292917251587, 1.0373374223709106, 1.0321778059005737]}