{"accuracy": [0.15000000596046448, 0.3499999940395355, 0.6166666746139526, 0.7833333611488342, 0.8833333253860474, 0.8999999761581421, 0.9833333492279053, 1.0, 1.0, 1.0, 1.0, 1.0, 1.0, 1.0, 1.0, 1.0, 1.0, 1.0, 1.0, 1.0, 1.0, 1.0, 1.0, 1.0, 1.0, 1.0, 1.0, 1.0, 1.0, 1.0], "loss": [4.132043361663818, 2.1038055419921875, 1.1658324003219604, 0.7617706060409546, 0.45685845613479614, 0.35027503967285156, 0.26088660955429077, 0.19020675122737885, 0.14087893068790436, 0.11114554107189178, 0.09044026583433151, 0.0844249427318573, 0.06768139451742172, 0.06213604658842087, 0.0530736930668354, 0.046832699328660965, 0.0441562682390213, 0.04076181352138519, 0.0370551161468029, 0.033545251935720444, 0.031058162450790405, 0.029143599793314934, 0.027744779363274574, 0.026805387809872627, 0.024049675092101097, 0.022640157490968704, 0.021455639973282814, 0.02030078135430813, 0.019742626696825027, 0.018162276595830917], "val_accuracy": [0.10000000149011612, 0.30000001192092896, 0.5, 0.4000000059604645, 0.5, 0.6000000238418579, 0.699999988079071, 0.5, 0.6000000238418579, 0.5, 0.5, 0.699999988079071, 0.5, 0.6000000238418579, 0.699999988079071, 0.5, 0.6000000238418579, 0.6000000238418579, 0.5, 0.6000000238418579, 0.6000000238418579, 0.6000000238418579, 0.6000000238418579, 0.6000000238418579, 0.6000000238418579, 0.6000000238418579, 0.6000000238418579, 0.6000000238418579, 0.6000000238418579, 0.6000000238418579], "val_loss": [3.861262559890747, 2.52034330368042, 2.2167534828186035, 2.003627300262451, 1.8088181018829346, 1.7508310079574585, 1.6814743280410767, 1.6402755975723267, 1.620587944984436, 1.6028318405151367, 1.649484395980835, 1.5602896213531494, 1.598055124282837, 1.5689283609390259, 1.5158298015594482, 1.5728943347930908, 1.574729084968567, 1.5561784505844116, 1.5055809020996094, 1.5417951345443726, 1.551802635192871, 1.5075076818466187, 1.5052738189697266, 1.5266754627227783, 1.5115232467651367, 1.5291756391525269, 1.4939906597137451, 1.5248563289642334, 1.5063486099243164, 1.5208690166473389]}