{"accuracy": [0.10000000149011612, 0.30000001192092896, 0.5, 0.7599999904632568, 0.8999999761581421, 0.9800000190734863, 0.9800000190734863, 0.9800000190734863, 1.0, 1.0, 1.0, 1.0, 1.0, 1.0, 1.0, 1.0, 1.0, 1.0, 1.0, 1.0, 1.0, 1.0, 1.0, 1.0, 1.0, 1.0, 1.0, 1.0, 1.0, 1.0], "loss": [5.075597286224365, 2.5743191242218018, 1.4825390577316284, 0.8964080214500427, 0.5974752902984619, 0.422730416059494, 0.299066960811615, 0.22890911996364594, 0.17102649807929993, 0.13761018216609955, 0.11187590658664703, 0.09484155476093292, 0.08174426853656769, 0.07165580242872238, 0.06366899609565735, 0.05706419795751572, 0.051593296229839325, 0.04696778580546379, 0.04300514608621597, 0.039583709090948105, 0.036600206047296524, 0.03397785872220993, 0.03165774792432785, 0.029592227190732956, 0.027743084356188774, 0.026079347357153893, 0.024575673043727875, 0.02321094088256359, 0.02196764014661312, 0.020830929279327393], "val_accuracy": [0.1666666716337204, 0.3333333432674408, 0.4000000059604645, 0.4333333373069763, 0.46666666865348816, 0.5, 0.46666666865348816, 0.46666666865348816, 0.4333333373069763, 0.46666666865348816, 0.46666666865348816, 0.5333333611488342, 0.5333333611488342, 0.5333333611488342, 0.5333333611488342, 0.5333333611488342, 0.5333333611488342, 0.5333333611488342, 0.5333333611488342, 0.5333333611488342, 0.5333333611488342, 0.5666666626930237, 0.5666666626930237, 0.5666666626930237, 0.5666666626930237, 0.5666666626930237, 0.5666666626930237, 0.5666666626930237, 0.5666666626930237, 0.5666666626930237], "val_loss": [3.447876214981079, 2.6355044841766357, 2.058633804321289, 1.906982660293579, 1.7330608367919922, 1.600897192955017, 1.5693126916885376, 1.5180714130401611, 1.4754472970962524, 1.4497524499893188, 1.4243688583374023, 1.4059152603149414, 1.3867697715759277, 1.3707940578460693, 1.3560211658477783, 1.3428773880004883, 1.3308378458023071, 1.31979501247406, 1.3096773624420166, 1.3002885580062866, 1.2915589809417725, 1.2834243774414062, 1.2758101224899292, 1.2686631679534912, 1.2619365453720093, 1.2555893659591675, 1.2495875358581543, 1.2438993453979492, 1.2384978532791138, 1.2333601713180542]}