{"accuracy": [0.1599999964237213, 0.3199999928474426, 0.6000000238418579, 0.7799999713897705, 0.8799999952316284, 0.9599999785423279, 0.9800000190734863, 1.0, 1.0, 1.0, 1.0, 1.0, 1.0, 1.0, 1.0, 1.0, 1.0, 1.0, 1.0, 1.0, 1.0, 1.0, 1.0, 1.0, 1.0, 1.0, 1.0, 1.0, 1.0, 1.0], "loss": [4.474266052246094, 2.1271109580993652, 1.1739964485168457, 0.7532954812049866, 0.5002493262290955, 0.3464207351207733, 0.25491100549697876, 0.18526166677474976, 0.14221185445785522, 0.11362334340810776, 0.09466361254453659, 0.08135318756103516, 0.07104796916246414, 0.06293106824159622, 0.056374821811914444, 0.050907354801893234, 0.04630808159708977, 0.04238468036055565, 0.038995880633592606, 0.036044761538505554, 0.03345397487282753, 0.031162790954113007, 0.02912396378815174, 0.02729950100183487, 0.0256584994494915, 0.02417568303644657, 0.02283022738993168, 0.021604619920253754, 0.02048426866531372, 0.019456803798675537], "val_accuracy": [0.2666666805744171, 0.4000000059604645, 0.4000000059604645, 0.46666666865348816, 0.5333333611488342, 0.6333333253860474, 0.5666666626930237, 0.6333333253860474, 0.6666666865348816, 0.6666666865348816, 0.6666666865348816, 0.6666666865348816, 0.7333333492279053, 0.7333333492279053, 0.7333333492279053, 0.7333333492279053, 0.7333333492279053, 0.7333333492279053, 0.7333333492279053, 0.7333333492279053, 0.699999988079071, 0.699999988079071, 0.699999988079071, 0.699999988079071, 0.699999988079071, 0.699999988079071, 0.699999988079071, 0.699999988079071, 0.699999988079071, 0.699999988079071], "val_loss": [2.3798768520355225, 1.855567455291748, 1.6502366065979004, 1.4300718307495117, 1.4375650882720947, 1.3260104656219482, 1.303276538848877, 1.2456490993499756, 1.2231042385101318, 1.2011010646820068, 1.1815235614776611, 1.166078805923462, 1.1516175270080566, 1.139242172241211, 1.128119945526123, 1.1181893348693848, 1.109208106994629, 1.101025938987732, 1.0935592651367188, 1.0866906642913818, 1.0803513526916504, 1.0744856595993042, 1.0690346956253052, 1.063952922821045, 1.059202790260315, 1.0547516345977783, 1.050570011138916, 1.0466333627700806, 1.0429192781448364, 1.039409875869751]}