{"accuracy": [0.06666667014360428, 0.3166666626930237, 0.6333333253860474, 0.7166666388511658, 0.8500000238418579, 0.8833333253860474, 0.949999988079071, 0.9666666388511658, 0.9666666388511658, 0.9666666388511658, 0.9833333492279053, 0.9833333492279053, 0.9833333492279053, 1.0, 1.0, 1.0, 1.0, 1.0, 1.0, 1.0, 1.0, 1.0, 1.0, 1.0, 1.0, 1.0, 1.0, 1.0, 1.0, 1.0], "loss": [2.4771502017974854, 1.9909756183624268, 1.6642422676086426, 1.4009368419647217, 1.1916998624801636, 1.027903437614441, 0.891628623008728, 0.7799355983734131, 0.6857932806015015, 0.6047906875610352, 0.5378851294517517, 0.4826107621192932, 0.43685731291770935, 0.39389050006866455, 0.3570924699306488, 0.3244868814945221, 0.3000068664550781, 0.27575328946113586, 0.2531554102897644, 0.23384593427181244, 0.21762734651565552, 0.20232364535331726, 0.18865123391151428, 0.17686384916305542, 0.16521213948726654, 0.15552189946174622, 0.14702707529067993, 0.13836555182933807, 0.13042670488357544, 0.12352689355611801], "val_accuracy": [0.20000000298023224, 0.4000000059604645, 0.4000000059604645, 0.6000000238418579, 0.6000000238418579, 0.6000000238418579, 0.6000000238418579, 0.6000000238418579, 0.6000000238418579, 0.6000000238418579, 0.6000000238418579, 0.6000000238418579, 0.6000000238418579, 0.6000000238418579, 0.6000000238418579, 0.6000000238418579, 0.6000000238418579, 0.6000000238418579, 0.6000000238418579, 0.6000000238418579, 0.6000000238418579, 0.6000000238418579, 0.6000000238418579, 0.6000000238418579, 0.6000000238418579, 0.6000000238418579, 0.6000000238418579, 0.6000000238418579, 0.6000000238418579, 0.6000000238418579], "val_loss": [2.3561627864837646, 2.142482042312622, 1.8869636058807373, 1.7825511693954468, 1.6459436416625977, 1.5555747747421265, 1.4628174304962158, 1.408209204673767, 1.350742220878601, 1.2936090230941772, 1.2529089450836182, 1.2155624628067017, 1.1751220226287842, 1.1585191488265991, 1.1332848072052002, 1.1136786937713623, 1.0912905931472778, 1.0745331048965454, 1.0578449964523315, 1.0471473932266235, 1.0366454124450684, 1.0168788433074951, 1.015283226966858, 1.0073049068450928, 0.9841480255126953, 0.9840731620788574, 0.9736407995223999, 0.9648535847663879, 0.9593628644943237, 0.9575431942939758]}