{"accuracy": [0.11999999731779099, 0.36000001430511475, 0.6000000238418579, 0.7599999904632568, 0.800000011920929, 0.8999999761581421, 0.9399999976158142, 1.0, 1.0, 1.0, 1.0, 1.0, 1.0, 1.0, 1.0, 1.0, 1.0, 1.0, 1.0, 1.0, 1.0, 1.0, 1.0, 1.0, 1.0, 1.0, 1.0, 1.0, 1.0, 1.0], "loss": [2.392076253890991, 1.9907760620117188, 1.7050495147705078, 1.4648722410202026, 1.2614829540252686, 1.0906344652175903, 0.9481477737426758, 0.8296143412590027, 0.7307569980621338, 0.6478224992752075, 0.5777388215065002, 0.5180728435516357, 0.4669157862663269, 0.42276763916015625, 0.38444045186042786, 0.35098472237586975, 0.32163384556770325, 0.2957635223865509, 0.272861123085022, 0.2525027394294739, 0.2343357503414154, 0.2180647850036621, 0.20344151556491852, 0.19025574624538422, 0.17832902073860168, 0.16750887036323547, 0.15766477584838867, 0.1486843377351761, 0.14047056436538696, 0.13293930888175964], "val_accuracy": [0.10000000149011612, 0.20000000298023224, 0.23333333432674408, 0.3333333432674408, 0.4333333373069763, 0.46666666865348816, 0.46666666865348816, 0.5333333611488342, 0.5333333611488342, 0.5666666626930237, 0.5666666626930237, 0.5666666626930237, 0.6000000238418579, 0.6000000238418579, 0.6000000238418579, 0.6666666865348816, 0.6666666865348816, 0.6666666865348816, 0.6666666865348816, 0.6333333253860474, 0.6666666865348816, 0.6666666865348816, 0.6666666865348816, 0.6666666865348816, 0.6666666865348816, 0.6666666865348816, 0.6666666865348816, 0.6666666865348816, 0.6666666865348816, 0.6666666865348816], "val_loss": [2.318173408508301, 2.1525235176086426, 2.0012154579162598, 1.8653448820114136, 1.7485765218734741, 1.6510264873504639, 1.5702612400054932, 1.503188967704773, 1.4470067024230957, 1.3994696140289307, 1.3588628768920898, 1.3238863945007324, 1.2935432195663452, 1.267052173614502, 1.2437913417816162, 1.2232582569122314, 1.205044150352478, 1.1888126134872437, 1.1742864847183228, 1.1612348556518555, 1.1494649648666382, 1.1388143301010132, 1.129145860671997, 1.1203423738479614, 1.112304449081421, 1.1049460172653198, 1.0981929302215576, 1.091981291770935, 1.0862549543380737, 1.080965518951416]}