{"accuracy": [0.15000000596046448, 0.25, 0.3499999940395355, 0.4833333194255829, 0.550000011920929, 0.6000000238418579, 0.6333333253860474, 0.6666666865348816, 0.699999988079071, 0.75, 0.800000011920929, 0.800000011920929, 0.8166666626930237, 0.8666666746139526, 0.8666666746139526, 0.8833333253860474, 0.8833333253860474, 0.8999999761581421, 0.8999999761581421, 0.8999999761581421, 0.9166666865348816, 0.9166666865348816, 0.9166666865348816, 0.9166666865348816, 0.9166666865348816, 0.9166666865348816, 0.9166666865348816, 0.9166666865348816, 0.9166666865348816, 0.9166666865348816], "loss": [2.292982578277588, 2.141038656234741, 2.022692918777466, 1.914247989654541, 1.816617727279663, 1.724250078201294, 1.641926646232605, 1.5585155487060547, 1.4822496175765991, 1.4101756811141968, 1.346561312675476, 1.283044695854187, 1.222751498222351, 1.1694085597991943, 1.1201750040054321, 1.0707361698150635, 1.0249091386795044, 0.9831543564796448, 0.9449594020843506, 0.9066171050071716, 0.8721544146537781, 0.837675929069519, 0.8069390058517456, 0.7771581411361694, 0.7490905523300171, 0.722567617893219, 0.6974795460700989, 0.6737946271896362, 0.6511164307594299, 0.6293438673019409], "val_accuracy": [0.0, 0.0, 0.0, 0.10000000149011612, 0.20000000298023224, 0.30000001192092896, 0.5, 0.5, 0.5, 0.6000000238418579, 0.5, 0.6000000238418579, 0.6000000238418579, 0.5, 0.5, 0.5, 0.5, 0.5, 0.5, 0.5, 0.5, 0.6000000238418579, 0.6000000238418579, 0.6000000238418579, 0.6000000238418579, 0.6000000238418579, 0.6000000238418579, 0.6000000238418579, 0.6000000238418579, 0.6000000238418579], "val_loss": [2.582139015197754, 2.486597776412964, 2.4146742820739746, 2.3435850143432617, 2.2621846199035645, 2.2082619667053223, 2.14933443069458, 2.0831947326660156, 2.036923885345459, 1.9786497354507446, 1.934556007385254, 1.8940483331680298, 1.848811388015747, 1.7976621389389038, 1.7689332962036133, 1.7274482250213623, 1.6911401748657227, 1.6613346338272095, 1.6267436742782593, 1.6008491516113281, 1.578304648399353, 1.5549957752227783, 1.528160810470581, 1.5017348527908325, 1.4761227369308472, 1.453440546989441, 1.4359982013702393, 1.4151027202606201, 1.398214340209961, 1.3835424184799194]}