{"accuracy": [0.18333333730697632, 0.30000001192092896, 0.6666666865348816, 0.7333333492279053, 0.9166666865348816, 0.9333333373069763, 0.9833333492279053, 1.0, 1.0, 1.0, 1.0, 1.0, 1.0, 1.0, 1.0, 1.0, 1.0, 1.0, 1.0, 1.0, 1.0, 1.0, 1.0, 1.0, 1.0, 1.0, 1.0, 1.0, 1.0, 1.0], "loss": [4.311813831329346, 1.9754050970077515, 1.1249829530715942, 0.7256243228912354, 0.4705873727798462, 0.3447878658771515, 0.23306816816329956, 0.1710215061903, 0.1330709606409073, 0.10605979710817337, 0.09248081594705582, 0.08356036990880966, 0.07558291405439377, 0.06858517229557037, 0.05917073041200638, 0.0492902435362339, 0.04435861483216286, 0.040104690939188004, 0.035512473434209824, 0.03398587927222252, 0.03236335143446922, 0.028536388650536537, 0.027553092688322067, 0.025785259902477264, 0.02365911938250065, 0.022473206743597984, 0.021661223843693733, 0.020040158182382584, 0.018977824598550797, 0.01855415478348732], "val_accuracy": [0.20000000298023224, 0.10000000149011612, 0.20000000298023224, 0.4000000059604645, 0.30000001192092896, 0.4000000059604645, 0.30000001192092896, 0.4000000059604645, 0.4000000059604645, 0.4000000059604645, 0.4000000059604645, 0.4000000059604645, 0.4000000059604645, 0.4000000059604645, 0.4000000059604645, 0.4000000059604645, 0.4000000059604645, 0.4000000059604645, 0.4000000059604645, 0.4000000059604645, 0.5, 0.4000000059604645, 0.5, 0.5, 0.4000000059604645, 0.5, 0.4000000059604645, 0.5, 0.5, 0.5], "val_loss": [3.809154987335205, 2.695934295654297, 2.463895320892334, 2.0280635356903076, 1.900225281715393, 1.8536491394042969, 1.7671531438827515, 1.7230033874511719, 1.6898272037506104, 1.6815630197525024, 1.5337038040161133, 1.63165283203125, 1.617934226989746, 1.5438247919082642, 1.581119179725647, 1.5692791938781738, 1.5077388286590576, 1.5326149463653564, 1.496941328048706, 1.510692834854126, 1.4913922548294067, 1.5263090133666992, 1.5005793571472168, 1.467760443687439, 1.4692025184631348, 1.4709206819534302, 1.4741172790527344, 1.4441239833831787, 1.4517866373062134, 1.460604190826416]}