{"accuracy": [0.30000001192092896, 0.5833333134651184, 0.8333333134651184, 0.8833333253860474, 0.9333333373069763, 0.949999988079071, 0.9666666388511658, 1.0, 1.0, 1.0, 1.0, 1.0, 1.0, 1.0, 1.0, 1.0, 1.0, 1.0, 1.0, 1.0, 1.0, 1.0, 1.0, 1.0, 1.0, 1.0, 1.0, 1.0, 1.0, 1.0], "loss": [2.404834270477295, 1.4046720266342163, 0.8551090955734253, 0.6045142412185669, 0.4357612431049347, 0.33743730187416077, 0.2644730806350708, 0.21707013249397278, 0.1787116378545761, 0.15310855209827423, 0.12936490774154663, 0.11378243565559387, 0.09915099292993546, 0.0887145921587944, 0.0785030797123909, 0.07164357602596283, 0.06510180234909058, 0.0592217817902565, 0.054670777171850204, 0.04993224889039993, 0.04659181833267212, 0.043176956474781036, 0.040268197655677795, 0.03770635649561882, 0.03538507595658302, 0.03303026407957077, 0.031231531873345375, 0.02953498251736164, 0.02792922593653202, 0.026372088119387627], "val_accuracy": [0.30000001192092896, 0.6000000238418579, 0.699999988079071, 0.699999988079071, 0.800000011920929, 0.8999999761581421, 0.800000011920929, 0.800000011920929, 0.800000011920929, 0.800000011920929, 0.800000011920929, 0.800000011920929, 0.800000011920929, 0.800000011920929, 0.800000011920929, 0.800000011920929, 0.800000011920929, 0.800000011920929, 0.8999999761581421, 0.800000011920929, 0.800000011920929, 0.699999988079071, 0.800000011920929, 0.8999999761581421, 0.800000011920929, 0.8999999761581421, 0.800000011920929, 0.800000011920929, 0.8999999761581421, 0.8999999761581421], "val_loss": [1.928261160850525, 1.4555494785308838, 1.1642138957977295, 1.0262314081192017, 0.9238908886909485, 0.8337867856025696, 0.7868998646736145, 0.7500165700912476, 0.697837233543396, 0.678390622138977, 0.6834549307823181, 0.6758450865745544, 0.655768871307373, 0.6324248909950256, 0.6235869526863098, 0.6186913251876831, 0.6038740873336792, 0.6053932905197144, 0.5962098836898804, 0.5922136902809143, 0.5862791538238525, 0.5884610414505005, 0.5789575576782227, 0.5714977979660034, 0.5696926712989807, 0.5677377581596375, 0.5735980272293091, 0.5647619366645813, 0.559264063835144, 0.5504401922225952]}