{"accuracy": [0.06666667014360428, 0.2666666805744171, 0.550000011920929, 0.7333333492279053, 0.7833333611488342, 0.8500000238418579, 0.9166666865348816, 0.949999988079071, 0.9666666388511658, 0.9666666388511658, 0.9666666388511658, 1.0, 1.0, 1.0, 1.0, 1.0, 1.0, 1.0, 1.0, 1.0, 1.0, 1.0, 1.0, 1.0, 1.0, 1.0, 1.0, 1.0, 1.0, 1.0], "loss": [2.8505375385284424, 1.9983561038970947, 1.534981369972229, 1.1878924369812012, 0.9796877503395081, 0.7893483638763428, 0.6161511540412903, 0.5027676224708557, 0.41600799560546875, 0.3569200336933136, 0.3120403289794922, 0.26489678025245667, 0.2210076004266739, 0.19441597163677216, 0.1861499696969986, 0.1597830355167389, 0.13799305260181427, 0.13279350101947784, 0.11473949253559113, 0.10616376996040344, 0.09919678419828415, 0.09263739734888077, 0.08392835408449173, 0.08027604222297668, 0.0735783576965332, 0.06845434755086899, 0.06573275476694107, 0.062374550849199295, 0.05826205760240555, 0.05462116003036499], "val_accuracy": [0.0, 0.0, 0.20000000298023224, 0.30000001192092896, 0.5, 0.4000000059604645, 0.4000000059604645, 0.5, 0.5, 0.5, 0.5, 0.5, 0.6000000238418579, 0.5, 0.5, 0.6000000238418579, 0.5, 0.5, 0.5, 0.5, 0.6000000238418579, 0.5, 0.5, 0.5, 0.5, 0.5, 0.5, 0.5, 0.5, 0.5], "val_loss": [2.784585475921631, 2.255265712738037, 1.9558331966400146, 1.8571045398712158, 1.6379235982894897, 1.619692087173462, 1.459429383277893, 1.4496866464614868, 1.3789610862731934, 1.3416149616241455, 1.3165968656539917, 1.3144443035125732, 1.2675774097442627, 1.255957007408142, 1.1986830234527588, 1.2280559539794922, 1.2022759914398193, 1.2079232931137085, 1.169999361038208, 1.165624976158142, 1.1709613800048828, 1.1572316884994507, 1.1488901376724243, 1.1587026119232178, 1.1457473039627075, 1.1337798833847046, 1.1368777751922607, 1.1346194744110107, 1.1048964262008667, 1.1120080947875977]}