{"accuracy": [0.06666667014360428, 0.18333333730697632, 0.23333333432674408, 0.23333333432674408, 0.28333333134651184, 0.3166666626930237, 0.3499999940395355, 0.4333333373069763, 0.4333333373069763, 0.46666666865348816, 0.5333333611488342, 0.5, 0.550000011920929, 0.5333333611488342, 0.6000000238418579, 0.6666666865348816, 0.6499999761581421, 0.75, 0.800000011920929, 0.7833333611488342, 0.800000011920929, 0.800000011920929, 0.8333333134651184, 0.8333333134651184, 0.8333333134651184, 0.8999999761581421, 0.8999999761581421, 0.8833333253860474, 0.9166666865348816, 0.9333333373069763], "loss": [2.9389052391052246, 2.430649518966675, 2.3124732971191406, 2.2336337566375732, 2.148421287536621, 2.092871904373169, 2.007735013961792, 1.9533612728118896, 1.8688403367996216, 1.7940189838409424, 1.768351435661316, 1.7063697576522827, 1.6273722648620605, 1.5948665142059326, 1.54965341091156, 1.4932008981704712, 1.4349335432052612, 1.3719046115875244, 1.3385339975357056, 1.2970163822174072, 1.2489776611328125, 1.2093323469161987, 1.16721773147583, 1.1256440877914429, 1.1081491708755493, 1.0633753538131714, 1.0480968952178955, 0.9900331497192383, 0.9661794304847717, 0.9310938715934753], "val_accuracy": [0.0, 0.20000000298023224, 0.20000000298023224, 0.30000001192092896, 0.20000000298023224, 0.20000000298023224, 0.30000001192092896, 0.30000001192092896, 0.30000001192092896, 0.4000000059604645, 0.4000000059604645, 0.4000000059604645, 0.4000000059604645, 0.30000001192092896, 0.4000000059604645, 0.4000000059604645, 0.4000000059604645, 0.5, 0.5, 0.5, 0.5, 0.5, 0.5, 0.5, 0.5, 0.5, 0.6000000238418579, 0.5, 0.5, 0.5], "val_loss": [2.7961418628692627, 2.3713927268981934, 2.3206961154937744, 2.3220906257629395, 2.2593326568603516, 2.3320870399475098, 2.2741103172302246, 2.198955774307251, 2.2140328884124756, 2.201634168624878, 2.147010326385498, 2.143643617630005, 2.1717963218688965, 2.099788188934326, 2.105015277862549, 2.053372383117676, 2.083103895187378, 2.012382984161377, 2.0433781147003174, 1.9916013479232788, 1.9976108074188232, 1.9743763208389282, 1.994122862815857, 1.9411340951919556, 1.9257469177246094, 1.913686752319336, 1.931658148765564, 1.9034827947616577, 1.9177360534667969, 1.8542486429214478]}