{"accuracy": [0.1666666716337204, 0.44999998807907104, 0.7166666388511658, 0.8666666746139526, 0.8999999761581421, 0.9666666388511658, 1.0, 1.0, 1.0, 1.0, 1.0, 1.0, 1.0, 1.0, 1.0, 1.0, 1.0, 1.0, 1.0, 1.0, 1.0, 1.0, 1.0, 1.0, 1.0, 1.0, 1.0, 1.0, 1.0, 1.0], "loss": [2.686224937438965, 1.4846826791763306, 0.9224163889884949, 0.6472965478897095, 0.4582589566707611, 0.3453820049762726, 0.26286500692367554, 0.21355536580085754, 0.17709387838840485, 0.1487368643283844, 0.12809999287128448, 0.111268050968647, 0.09785853326320648, 0.08780109137296677, 0.07718563824892044, 0.06988848000764847, 0.06390231102705002, 0.05803268030285835, 0.05346083641052246, 0.04924186319112778, 0.04563720524311066, 0.04220252484083176, 0.03933670371770859, 0.036901094019412994, 0.03466082364320755, 0.03247842192649841, 0.030459009110927582, 0.02902296930551529, 0.027172749862074852, 0.02587602660059929], "val_accuracy": [0.4000000059604645, 0.6000000238418579, 0.699999988079071, 0.800000011920929, 0.800000011920929, 0.800000011920929, 0.800000011920929, 0.800000011920929, 0.800000011920929, 0.800000011920929, 0.800000011920929, 0.800000011920929, 0.800000011920929, 0.800000011920929, 0.800000011920929, 1.0, 0.8999999761581421, 1.0, 1.0, 1.0, 1.0, 1.0, 1.0, 1.0, 1.0, 1.0, 1.0, 1.0, 1.0, 1.0], "val_loss": [1.8621444702148438, 1.4000132083892822, 1.1636899709701538, 0.966748058795929, 0.8581352233886719, 0.7679603099822998, 0.7142432928085327, 0.6850932836532593, 0.6242912411689758, 0.6006395220756531, 0.59205561876297, 0.5639289617538452, 0.5439292192459106, 0.5444753766059875, 0.5259053111076355, 0.5022248029708862, 0.4874648153781891, 0.48427334427833557, 0.47795429825782776, 0.461109459400177, 0.4729146957397461, 0.4576696753501892, 0.44341716170310974, 0.4440293312072754, 0.44457530975341797, 0.4365430772304535, 0.42614316940307617, 0.4263156056404114, 0.4243684709072113, 0.4170478880405426]}