{"accuracy": [0.15000000596046448, 0.4833333194255829, 0.6833333373069763, 0.8500000238418579, 0.8999999761581421, 0.949999988079071, 0.9833333492279053, 1.0, 1.0, 1.0, 1.0, 1.0, 1.0, 1.0, 1.0, 1.0, 1.0, 1.0, 1.0, 1.0, 1.0, 1.0, 1.0, 1.0, 1.0, 1.0, 1.0, 1.0, 1.0, 1.0], "loss": [2.916677951812744, 1.747780680656433, 1.1372053623199463, 0.7844459414482117, 0.5795406699180603, 0.44578641653060913, 0.3410387337207794, 0.2792609930038452, 0.2301328033208847, 0.1929328441619873, 0.161668598651886, 0.14046388864517212, 0.12350128591060638, 0.1109764352440834, 0.0972442775964737, 0.08857748657464981, 0.07907284796237946, 0.072654128074646, 0.06675536930561066, 0.0631045401096344, 0.05706619843840599, 0.05272691696882248, 0.048757851123809814, 0.04546219855546951, 0.04284216836094856, 0.040388114750385284, 0.037848275154829025, 0.03555396944284439, 0.03374909609556198, 0.03178704157471657], "val_accuracy": [0.20000000298023224, 0.4000000059604645, 0.699999988079071, 0.699999988079071, 0.699999988079071, 0.800000011920929, 0.800000011920929, 0.800000011920929, 0.800000011920929, 0.800000011920929, 0.800000011920929, 0.800000011920929, 0.800000011920929, 0.800000011920929, 0.800000011920929, 0.800000011920929, 0.800000011920929, 0.800000011920929, 0.800000011920929, 0.800000011920929, 0.800000011920929, 0.800000011920929, 0.800000011920929, 0.800000011920929, 0.800000011920929, 0.800000011920929, 0.800000011920929, 0.800000011920929, 0.800000011920929, 0.800000011920929], "val_loss": [2.2159340381622314, 1.6964651346206665, 1.3266690969467163, 1.1487948894500732, 1.0260361433029175, 0.9334224462509155, 0.8728141784667969, 0.8149456977844238, 0.7954119443893433, 0.7805800437927246, 0.7685282230377197, 0.7490161657333374, 0.7252165675163269, 0.7289813756942749, 0.7042422294616699, 0.7092904448509216, 0.6975976228713989, 0.6844965219497681, 0.6954427361488342, 0.6737371683120728, 0.674288272857666, 0.6717981100082397, 0.6641133427619934, 0.6663817167282104, 0.6677737236022949, 0.6596421003341675, 0.648653507232666, 0.6514420509338379, 0.649722695350647, 0.6491551399230957]}