{"accuracy": [0.13333334028720856, 0.20000000298023224, 0.3166666626930237, 0.699999988079071, 0.8500000238418579, 0.8999999761581421, 0.9166666865348816, 0.9333333373069763, 0.949999988079071, 0.9666666388511658, 1.0, 0.9833333492279053, 1.0, 1.0, 1.0, 1.0, 1.0, 1.0, 1.0, 1.0, 1.0, 1.0, 1.0, 1.0, 1.0, 1.0, 1.0, 1.0, 1.0, 1.0], "loss": [2.6854872703552246, 2.02105975151062, 1.7735663652420044, 1.4607653617858887, 1.2329319715499878, 1.0519131422042847, 0.8811500668525696, 0.7648646235466003, 0.6719291806221008, 0.5844148993492126, 0.5177980661392212, 0.4550313949584961, 0.40669727325439453, 0.3663119673728943, 0.33899831771850586, 0.29140958189964294, 0.27018266916275024, 0.24850544333457947, 0.22868695855140686, 0.2135448157787323, 0.19510714709758759, 0.1815176010131836, 0.16667884588241577, 0.15357354283332825, 0.1474766731262207, 0.13639159500598907, 0.12944364547729492, 0.12087743729352951, 0.11476123332977295, 0.10762295871973038], "val_accuracy": [0.10000000149011612, 0.20000000298023224, 0.5, 0.30000001192092896, 0.5, 0.699999988079071, 0.699999988079071, 0.699999988079071, 0.699999988079071, 0.699999988079071, 0.6000000238418579, 0.6000000238418579, 0.699999988079071, 0.6000000238418579, 0.6000000238418579, 0.6000000238418579, 0.6000000238418579, 0.6000000238418579, 0.6000000238418579, 0.6000000238418579, 0.6000000238418579, 0.699999988079071, 0.6000000238418579, 0.6000000238418579, 0.6000000238418579, 0.6000000238418579, 0.6000000238418579, 0.6000000238418579, 0.6000000238418579, 0.6000000238418579], "val_loss": [2.4589781761169434, 2.091423511505127, 1.8478126525878906, 1.8285818099975586, 1.651371955871582, 1.5049346685409546, 1.4801008701324463, 1.3856894969940186, 1.336350440979004, 1.295750617980957, 1.206621766090393, 1.2188479900360107, 1.1719608306884766, 1.165455937385559, 1.1267855167388916, 1.1256822347640991, 1.092100977897644, 1.0856146812438965, 1.073275089263916, 1.0456063747406006, 1.04330575466156, 1.0351002216339111, 1.0167396068572998, 1.0155843496322632, 1.010603427886963, 1.002734661102295, 0.9938191175460815, 0.9903010129928589, 0.9794827699661255, 0.9864896535873413]}