{"accuracy": [0.0833333358168602, 0.23333333432674408, 0.4833333194255829, 0.6666666865348816, 0.8500000238418579, 0.8666666746139526, 0.8999999761581421, 0.9333333373069763, 0.9333333373069763, 0.949999988079071, 0.9833333492279053, 1.0, 0.9666666388511658, 1.0, 1.0, 1.0, 1.0, 1.0, 1.0, 1.0, 1.0, 1.0, 1.0, 1.0, 1.0, 1.0, 1.0, 1.0, 1.0, 1.0], "loss": [3.0824244022369385, 2.0687949657440186, 1.5243858098983765, 1.2600194215774536, 0.9717958569526672, 0.8012526035308838, 0.6328279972076416, 0.5381684899330139, 0.46354103088378906, 0.4010034501552582, 0.33477821946144104, 0.29927513003349304, 0.2725198566913605, 0.24221178889274597, 0.20050427317619324, 0.1788415163755417, 0.16046151518821716, 0.14788837730884552, 0.13114675879478455, 0.12111496180295944, 0.1133512482047081, 0.10496384650468826, 0.1045047789812088, 0.09052254259586334, 0.0860304981470108, 0.0792778804898262, 0.07420580834150314, 0.06940419971942902, 0.06546010076999664, 0.06237027421593666], "val_accuracy": [0.20000000298023224, 0.5, 0.6000000238418579, 0.6000000238418579, 0.6000000238418579, 0.6000000238418579, 0.6000000238418579, 0.6000000238418579, 0.699999988079071, 0.800000011920929, 0.800000011920929, 0.800000011920929, 0.6000000238418579, 0.699999988079071, 0.699999988079071, 0.699999988079071, 0.699999988079071, 0.699999988079071, 0.699999988079071, 0.699999988079071, 0.699999988079071, 0.699999988079071, 0.699999988079071, 0.6000000238418579, 0.699999988079071, 0.699999988079071, 0.699999988079071, 0.699999988079071, 0.6000000238418579, 0.699999988079071], "val_loss": [2.1979072093963623, 1.7451074123382568, 1.6708476543426514, 1.4174072742462158, 1.2305219173431396, 1.2388737201690674, 1.0685538053512573, 1.082902193069458, 1.035339117050171, 0.9840676188468933, 0.9586868286132812, 0.9190071225166321, 0.9391992688179016, 0.902980625629425, 0.8958556056022644, 0.8887467384338379, 0.8523624539375305, 0.8792306184768677, 0.8745450973510742, 0.8553792238235474, 0.8396583795547485, 0.8363445401191711, 0.8586235046386719, 0.8240190744400024, 0.8153459429740906, 0.8140819668769836, 0.8108363151550293, 0.8031562566757202, 0.7996504902839661, 0.7847434878349304]}