{"accuracy": [0.0833333358168602, 0.38333332538604736, 0.6333333253860474, 0.800000011920929, 0.8833333253860474, 0.8666666746139526, 0.9666666388511658, 0.9666666388511658, 0.9666666388511658, 0.9833333492279053, 1.0, 0.9833333492279053, 1.0, 1.0, 1.0, 1.0, 1.0, 1.0, 1.0, 1.0, 1.0, 1.0, 1.0, 1.0, 1.0, 1.0, 1.0, 1.0, 1.0, 1.0], "loss": [2.7487359046936035, 1.8577717542648315, 1.311042070388794, 0.9501537680625916, 0.7489396333694458, 0.6580909490585327, 0.4732002913951874, 0.434649795293808, 0.3353630602359772, 0.28908950090408325, 0.23920290172100067, 0.24218718707561493, 0.22875835001468658, 0.1674031764268875, 0.1543942540884018, 0.13009239733219147, 0.12048204988241196, 0.10469560325145721, 0.09470776468515396, 0.0877419263124466, 0.08103707432746887, 0.07510218024253845, 0.07060950249433517, 0.06417721509933472, 0.05998080223798752, 0.0567595474421978, 0.05416054278612137, 0.05182361230254173, 0.048478737473487854, 0.04486315697431564], "val_accuracy": [0.4000000059604645, 0.4000000059604645, 0.4000000059604645, 0.4000000059604645, 0.4000000059604645, 0.4000000059604645, 0.6000000238418579, 0.5, 0.5, 0.4000000059604645, 0.5, 0.6000000238418579, 0.5, 0.5, 0.5, 0.5, 0.6000000238418579, 0.5, 0.6000000238418579, 0.5, 0.5, 0.5, 0.6000000238418579, 0.5, 0.5, 0.5, 0.5, 0.5, 0.5, 0.5], "val_loss": [2.5791618824005127, 2.3810770511627197, 1.8188062906265259, 1.6885919570922852, 1.638177514076233, 1.5558279752731323, 1.4510548114776611, 1.4445470571517944, 1.3702218532562256, 1.3356235027313232, 1.3256837129592896, 1.3012220859527588, 1.2968474626541138, 1.3277631998062134, 1.214203119277954, 1.22697913646698, 1.199811339378357, 1.2335695028305054, 1.164514422416687, 1.1804851293563843, 1.192218542098999, 1.2065784931182861, 1.1481117010116577, 1.171582579612732, 1.1553975343704224, 1.1723753213882446, 1.1426669359207153, 1.1412330865859985, 1.144659399986267, 1.1526334285736084]}