{"accuracy": [0.0833333358168602, 0.2666666805744171, 0.4000000059604645, 0.6499999761581421, 0.8166666626930237, 0.8333333134651184, 0.949999988079071, 0.949999988079071, 0.9666666388511658, 1.0, 1.0, 1.0, 0.9833333492279053, 1.0, 1.0, 1.0, 1.0, 1.0, 1.0, 1.0, 1.0, 1.0, 1.0, 1.0, 1.0, 1.0, 1.0, 1.0, 1.0, 1.0], "loss": [3.1455957889556885, 2.136465549468994, 1.6382685899734497, 1.2310988903045654, 0.9710139632225037, 0.7692652940750122, 0.6126457452774048, 0.5467654466629028, 0.4323684573173523, 0.37392479181289673, 0.3041747510433197, 0.27912476658821106, 0.2599685490131378, 0.2251891791820526, 0.18359538912773132, 0.16550663113594055, 0.1506602019071579, 0.13092483580112457, 0.11975490301847458, 0.11479868739843369, 0.10675572603940964, 0.09590506553649902, 0.08650609850883484, 0.08445766568183899, 0.07601937651634216, 0.07278180122375488, 0.06662346422672272, 0.06551311910152435, 0.06244772672653198, 0.05700797960162163], "val_accuracy": [0.20000000298023224, 0.30000001192092896, 0.6000000238418579, 0.5, 0.699999988079071, 0.699999988079071, 0.800000011920929, 0.800000011920929, 0.699999988079071, 0.800000011920929, 0.800000011920929, 0.699999988079071, 0.699999988079071, 0.800000011920929, 0.699999988079071, 0.699999988079071, 0.800000011920929, 0.699999988079071, 0.800000011920929, 0.699999988079071, 0.699999988079071, 0.800000011920929, 0.699999988079071, 0.800000011920929, 0.699999988079071, 0.699999988079071, 0.699999988079071, 0.699999988079071, 0.800000011920929, 0.699999988079071], "val_loss": [2.307893753051758, 1.9621667861938477, 1.6961370706558228, 1.6222407817840576, 1.4845285415649414, 1.3580633401870728, 1.302646279335022, 1.2529263496398926, 1.1619068384170532, 1.2227753400802612, 1.1112184524536133, 1.1191555261611938, 1.117984414100647, 1.073085069656372, 1.1163747310638428, 1.0494171380996704, 1.0364179611206055, 1.0534824132919312, 1.0217750072479248, 1.0278433561325073, 1.0365948677062988, 0.9897519946098328, 1.0013160705566406, 0.9929330945014954, 1.0100880861282349, 0.9940120577812195, 0.9829336404800415, 0.9776309728622437, 0.9639573097229004, 0.9740678668022156]}