{"accuracy": [0.10000000149011612, 0.4166666567325592, 0.6666666865348816, 0.8833333253860474, 0.949999988079071, 0.949999988079071, 1.0, 1.0, 1.0, 1.0, 1.0, 1.0, 1.0, 1.0, 1.0, 1.0, 1.0, 1.0, 1.0, 1.0, 1.0, 1.0, 1.0, 1.0, 1.0, 1.0, 1.0, 1.0, 1.0, 1.0], "loss": [3.2307217121124268, 1.6655765771865845, 0.9160206913948059, 0.5881401896476746, 0.3958054780960083, 0.28694310784339905, 0.20762692391872406, 0.16061139106750488, 0.13135701417922974, 0.10921864211559296, 0.0899459645152092, 0.07796711474657059, 0.06804852187633514, 0.06036865711212158, 0.053260717540979385, 0.048494573682546616, 0.04361237958073616, 0.039580900222063065, 0.03636777400970459, 0.03355740010738373, 0.031011106446385384, 0.02888227254152298, 0.026770614087581635, 0.025067290291190147, 0.023415112867951393, 0.0220712348818779, 0.020794173702597618, 0.01955217681825161, 0.01865219511091709, 0.017644396051764488], "val_accuracy": [0.10000000149011612, 0.10000000149011612, 0.4000000059604645, 0.5, 0.4000000059604645, 0.5, 0.5, 0.5, 0.5, 0.5, 0.5, 0.6000000238418579, 0.6000000238418579, 0.6000000238418579, 0.6000000238418579, 0.6000000238418579, 0.6000000238418579, 0.6000000238418579, 0.6000000238418579, 0.6000000238418579, 0.6000000238418579, 0.6000000238418579, 0.6000000238418579, 0.6000000238418579, 0.6000000238418579, 0.6000000238418579, 0.6000000238418579, 0.6000000238418579, 0.6000000238418579, 0.6000000238418579], "val_loss": [3.1393520832061768, 2.548326253890991, 2.079023838043213, 1.7728099822998047, 1.6731230020523071, 1.5675106048583984, 1.453409194946289, 1.4283357858657837, 1.4424852132797241, 1.403882384300232, 1.372046709060669, 1.345571756362915, 1.352020025253296, 1.3274840116500854, 1.3192973136901855, 1.315061330795288, 1.3013732433319092, 1.2925021648406982, 1.2866804599761963, 1.2760080099105835, 1.2839057445526123, 1.2812427282333374, 1.2764613628387451, 1.2666921615600586, 1.2646210193634033, 1.2659193277359009, 1.261231541633606, 1.2585152387619019, 1.2613900899887085, 1.248721718788147]}