{"accuracy": [0.18333333730697632, 0.4000000059604645, 0.699999988079071, 0.8166666626930237, 0.9333333373069763, 0.9333333373069763, 1.0, 0.9833333492279053, 1.0, 1.0, 1.0, 1.0, 1.0, 1.0, 1.0, 1.0, 1.0, 1.0, 1.0, 1.0, 1.0, 1.0, 1.0, 1.0, 1.0, 1.0, 1.0, 1.0, 1.0, 1.0], "loss": [3.36781907081604, 1.618577241897583, 0.9187902212142944, 0.6177037358283997, 0.39790230989456177, 0.2938459813594818, 0.21498893201351166, 0.15569351613521576, 0.12633422017097473, 0.09787321835756302, 0.08225306123495102, 0.06935668736696243, 0.05964469537138939, 0.05105103552341461, 0.0481644943356514, 0.04406832903623581, 0.041198767721652985, 0.038751326501369476, 0.03423391282558441, 0.031176898628473282, 0.02965673990547657, 0.028085501864552498, 0.02526150830090046, 0.023941045626997948, 0.02253376692533493, 0.021172041073441505, 0.020091842859983444, 0.019191768020391464, 0.017332063987851143, 0.016932448372244835], "val_accuracy": [0.30000001192092896, 0.4000000059604645, 0.30000001192092896, 0.6000000238418579, 0.4000000059604645, 0.6000000238418579, 0.5, 0.699999988079071, 0.6000000238418579, 0.699999988079071, 0.6000000238418579, 0.699999988079071, 0.699999988079071, 0.6000000238418579, 0.699999988079071, 0.699999988079071, 0.699999988079071, 0.699999988079071, 0.699999988079071, 0.699999988079071, 0.6000000238418579, 0.699999988079071, 0.699999988079071, 0.699999988079071, 0.699999988079071, 0.699999988079071, 0.699999988079071, 0.699999988079071, 0.6000000238418579, 0.699999988079071], "val_loss": [2.5149121284484863, 1.7931417226791382, 1.892290472984314, 1.4994394779205322, 1.6746861934661865, 1.2950316667556763, 1.5264785289764404, 1.3055177927017212, 1.4456303119659424, 1.3563741445541382, 1.4336861371994019, 1.3923146724700928, 1.362349510192871, 1.3975870609283447, 1.353402853012085, 1.3524346351623535, 1.3914071321487427, 1.2889883518218994, 1.3810992240905762, 1.3249280452728271, 1.3853580951690674, 1.3480801582336426, 1.3047029972076416, 1.3485920429229736, 1.3827319145202637, 1.344839096069336, 1.3523447513580322, 1.2881418466567993, 1.34723961353302, 1.3754421472549438]}