{"accuracy": [0.0833333358168602, 0.28333333134651184, 0.5666666626930237, 0.6833333373069763, 0.8833333253860474, 0.8999999761581421, 0.9333333373069763, 0.9833333492279053, 0.9833333492279053, 1.0, 1.0, 1.0, 1.0, 1.0, 1.0, 1.0, 1.0, 1.0, 1.0, 1.0, 1.0, 1.0, 1.0, 1.0, 1.0, 1.0, 1.0, 1.0, 1.0, 1.0], "loss": [2.9814767837524414, 2.032705307006836, 1.591367244720459, 1.1878615617752075, 0.923879861831665, 0.7510890960693359, 0.621662437915802, 0.522865891456604, 0.4499717950820923, 0.37401527166366577, 0.32607200741767883, 0.28474295139312744, 0.24771788716316223, 0.2215278297662735, 0.19558919966220856, 0.17267560958862305, 0.15745443105697632, 0.14910726249217987, 0.13034528493881226, 0.11845887452363968, 0.11059985309839249, 0.09833766520023346, 0.09602101892232895, 0.0866205021739006, 0.08031046390533447, 0.07546300441026688, 0.07140173763036728, 0.06828761845827103, 0.06475723534822464, 0.06324596703052521], "val_accuracy": [0.30000001192092896, 0.5, 0.5, 0.699999988079071, 0.699999988079071, 0.800000011920929, 0.800000011920929, 0.800000011920929, 0.800000011920929, 0.800000011920929, 0.699999988079071, 0.800000011920929, 0.800000011920929, 0.6000000238418579, 0.800000011920929, 0.800000011920929, 0.800000011920929, 0.699999988079071, 0.800000011920929, 0.699999988079071, 0.699999988079071, 0.800000011920929, 0.699999988079071, 0.800000011920929, 0.800000011920929, 0.699999988079071, 0.699999988079071, 0.699999988079071, 0.699999988079071, 0.800000011920929], "val_loss": [2.10962176322937, 1.8962332010269165, 1.6671854257583618, 1.3791329860687256, 1.4531691074371338, 1.186644434928894, 1.1280109882354736, 1.142457127571106, 1.0048596858978271, 1.0253528356552124, 0.9878407716751099, 0.997999370098114, 0.9523798227310181, 0.9903367757797241, 0.932780921459198, 0.8914164304733276, 0.9155920147895813, 0.9679256677627563, 0.8727755546569824, 0.8738310933113098, 0.8735753297805786, 0.8688110113143921, 0.8581727743148804, 0.8511468172073364, 0.8530494570732117, 0.8501993417739868, 0.8535282015800476, 0.8330222368240356, 0.8459258079528809, 0.8351974487304688]}