{"accuracy": [0.11666666716337204, 0.28333333134651184, 0.36666667461395264, 0.4000000059604645, 0.5, 0.5166666507720947, 0.6000000238418579, 0.6000000238418579, 0.6333333253860474, 0.6833333373069763, 0.7166666388511658, 0.7333333492279053, 0.75, 0.75, 0.800000011920929, 0.8333333134651184, 0.8333333134651184, 0.8666666746139526, 0.8666666746139526, 0.8666666746139526, 0.8666666746139526, 0.8666666746139526, 0.8666666746139526, 0.8666666746139526, 0.8833333253860474, 0.8999999761581421, 0.8999999761581421, 0.8999999761581421, 0.8999999761581421, 0.8999999761581421], "loss": [2.432034730911255, 2.28871488571167, 2.1729204654693604, 2.06130051612854, 1.9645172357559204, 1.8716410398483276, 1.7825000286102295, 1.6979727745056152, 1.6181671619415283, 1.544994831085205, 1.4715765714645386, 1.4104083776474, 1.3438307046890259, 1.2842472791671753, 1.2293293476104736, 1.1775072813034058, 1.131848692893982, 1.0823208093643188, 1.039237141609192, 0.9959952235221863, 0.9569454193115234, 0.9201541543006897, 0.8861531615257263, 0.8533404469490051, 0.8220161199569702, 0.7934636473655701, 0.7639699578285217, 0.7389118671417236, 0.7133615016937256, 0.6914111375808716], "val_accuracy": [0.10000000149011612, 0.10000000149011612, 0.10000000149011612, 0.20000000298023224, 0.30000001192092896, 0.30000001192092896, 0.30000001192092896, 0.30000001192092896, 0.30000001192092896, 0.30000001192092896, 0.5, 0.5, 0.5, 0.5, 0.5, 0.5, 0.5, 0.6000000238418579, 0.6000000238418579, 0.6000000238418579, 0.6000000238418579, 0.6000000238418579, 0.6000000238418579, 0.6000000238418579, 0.6000000238418579, 0.6000000238418579, 0.6000000238418579, 0.699999988079071, 0.699999988079071, 0.699999988079071], "val_loss": [2.4803671836853027, 2.392444133758545, 2.3281846046447754, 2.2594962120056152, 2.1958389282226562, 2.1323459148406982, 2.0822336673736572, 2.034273624420166, 1.983101487159729, 1.930487871170044, 1.888888955116272, 1.836856484413147, 1.7950016260147095, 1.7572141885757446, 1.7239049673080444, 1.6846576929092407, 1.6538785696029663, 1.6276118755340576, 1.6026420593261719, 1.5705469846725464, 1.5443103313446045, 1.5259997844696045, 1.4955618381500244, 1.4796373844146729, 1.4541287422180176, 1.4314441680908203, 1.4180631637573242, 1.389841079711914, 1.3740633726119995, 1.3586405515670776]}