{"accuracy": [0.06666667014360428, 0.3166666626930237, 0.5166666507720947, 0.7166666388511658, 0.75, 0.8833333253860474, 0.8833333253860474, 0.949999988079071, 0.9666666388511658, 0.9833333492279053, 1.0, 1.0, 1.0, 1.0, 1.0, 1.0, 1.0, 1.0, 1.0, 1.0, 1.0, 1.0, 1.0, 1.0, 1.0, 1.0, 1.0, 1.0, 1.0, 1.0], "loss": [2.922314405441284, 2.023460626602173, 1.5428454875946045, 1.2438151836395264, 0.9556921720504761, 0.7534113526344299, 0.6183400750160217, 0.5419228672981262, 0.4389301836490631, 0.3661949038505554, 0.30556878447532654, 0.28360289335250854, 0.2331850379705429, 0.23197342455387115, 0.18668578565120697, 0.16867727041244507, 0.14391086995601654, 0.1443183869123459, 0.12102996557950974, 0.1093192994594574, 0.10318778455257416, 0.09779892861843109, 0.08840592205524445, 0.08092677593231201, 0.07661938667297363, 0.0709303542971611, 0.06662458181381226, 0.06312355399131775, 0.061124030500650406, 0.055845700204372406], "val_accuracy": [0.0, 0.20000000298023224, 0.20000000298023224, 0.30000001192092896, 0.699999988079071, 0.800000011920929, 0.6000000238418579, 0.699999988079071, 0.6000000238418579, 0.699999988079071, 0.699999988079071, 0.699999988079071, 0.699999988079071, 0.6000000238418579, 0.699999988079071, 0.699999988079071, 0.6000000238418579, 0.6000000238418579, 0.6000000238418579, 0.6000000238418579, 0.699999988079071, 0.699999988079071, 0.6000000238418579, 0.699999988079071, 0.6000000238418579, 0.699999988079071, 0.699999988079071, 0.6000000238418579, 0.699999988079071, 0.6000000238418579], "val_loss": [2.4339630603790283, 2.1366524696350098, 2.0614686012268066, 1.708841323852539, 1.6676361560821533, 1.483628511428833, 1.5077378749847412, 1.350712776184082, 1.4150232076644897, 1.3473848104476929, 1.26457679271698, 1.235653042793274, 1.2453118562698364, 1.255294919013977, 1.208880066871643, 1.179596185684204, 1.2175672054290771, 1.1793134212493896, 1.230999231338501, 1.1950385570526123, 1.17691969871521, 1.1492990255355835, 1.1624053716659546, 1.1236916780471802, 1.1524574756622314, 1.1372331380844116, 1.1133782863616943, 1.1336240768432617, 1.119889736175537, 1.1371936798095703]}