{"accuracy": [0.11666666716337204, 0.4000000059604645, 0.4833333194255829, 0.7166666388511658, 0.8333333134651184, 0.8833333253860474, 0.9166666865348816, 0.9333333373069763, 0.9666666388511658, 0.9833333492279053, 0.949999988079071, 1.0, 1.0, 1.0, 1.0, 1.0, 1.0, 1.0, 1.0, 1.0, 1.0, 1.0, 1.0, 1.0, 1.0, 1.0, 1.0, 1.0, 1.0, 1.0], "loss": [2.7881507873535156, 1.974491834640503, 1.6635456085205078, 1.2485166788101196, 0.9903344511985779, 0.8302988409996033, 0.7215468883514404, 0.5806757211685181, 0.49455466866493225, 0.44050997495651245, 0.3770853281021118, 0.31285539269447327, 0.26430848240852356, 0.23659758269786835, 0.21015511453151703, 0.18834802508354187, 0.1742600053548813, 0.15765665471553802, 0.14739108085632324, 0.1350916177034378, 0.12308596074581146, 0.11290289461612701, 0.10422671586275101, 0.10017187893390656, 0.09503660351037979, 0.08898749202489853, 0.07892020791769028, 0.07725056260824203, 0.0711934044957161, 0.07116150110960007], "val_accuracy": [0.20000000298023224, 0.4000000059604645, 0.5, 0.4000000059604645, 0.6000000238418579, 0.699999988079071, 0.699999988079071, 0.699999988079071, 0.800000011920929, 0.6000000238418579, 0.800000011920929, 0.800000011920929, 0.8999999761581421, 0.699999988079071, 0.8999999761581421, 0.8999999761581421, 0.800000011920929, 0.800000011920929, 0.8999999761581421, 0.800000011920929, 0.8999999761581421, 0.8999999761581421, 0.8999999761581421, 0.800000011920929, 0.8999999761581421, 0.8999999761581421, 0.8999999761581421, 0.8999999761581421, 0.800000011920929, 0.8999999761581421], "val_loss": [2.2717206478118896, 2.033856153488159, 1.8685550689697266, 1.652431845664978, 1.5875858068466187, 1.3428345918655396, 1.3487402200698853, 1.268436074256897, 1.2323485612869263, 1.1850268840789795, 1.1216851472854614, 1.1276984214782715, 1.0850410461425781, 1.0837434530258179, 1.0519797801971436, 1.0633498430252075, 1.011242151260376, 1.0189625024795532, 1.0339939594268799, 0.9980427026748657, 0.9605159759521484, 0.9858099818229675, 0.9656688570976257, 0.9817768335342407, 0.9482290148735046, 0.9540649652481079, 0.9245201349258423, 0.9455051422119141, 0.9319647550582886, 0.9228971600532532]}