{"accuracy": [0.11666666716337204, 0.23333333432674408, 0.5666666626930237, 0.6499999761581421, 0.8833333253860474, 0.8999999761581421, 0.9333333373069763, 0.9833333492279053, 1.0, 1.0, 1.0, 1.0, 1.0, 1.0, 1.0, 1.0, 1.0, 1.0, 1.0, 1.0, 1.0, 1.0, 1.0, 1.0, 1.0, 1.0, 1.0, 1.0, 1.0, 1.0], "loss": [4.8014373779296875, 2.5377371311187744, 1.3110029697418213, 0.9508132934570312, 0.5632414221763611, 0.3992975652217865, 0.3083709478378296, 0.21841198205947876, 0.16311216354370117, 0.13194029033184052, 0.10593952238559723, 0.0866888016462326, 0.07839657366275787, 0.07082115113735199, 0.06412449479103088, 0.05614485964179039, 0.05114893615245819, 0.04575856029987335, 0.041838787496089935, 0.0386962927877903, 0.0365636870265007, 0.03379518538713455, 0.03158444166183472, 0.029389383271336555, 0.027226034551858902, 0.025588326156139374, 0.025868045166134834, 0.023900119587779045, 0.02315295673906803, 0.020178429782390594], "val_accuracy": [0.10000000149011612, 0.4000000059604645, 0.4000000059604645, 0.30000001192092896, 0.4000000059604645, 0.4000000059604645, 0.4000000059604645, 0.4000000059604645, 0.4000000059604645, 0.5, 0.4000000059604645, 0.5, 0.4000000059604645, 0.5, 0.4000000059604645, 0.5, 0.4000000059604645, 0.4000000059604645, 0.5, 0.5, 0.4000000059604645, 0.5, 0.5, 0.5, 0.4000000059604645, 0.5, 0.5, 0.4000000059604645, 0.5, 0.4000000059604645], "val_loss": [3.474644422531128, 2.716715097427368, 2.590223789215088, 1.9833405017852783, 1.756170630455017, 1.8002128601074219, 1.6617931127548218, 1.602117896080017, 1.5542786121368408, 1.509912133216858, 1.4681689739227295, 1.4906070232391357, 1.488440752029419, 1.4089418649673462, 1.4508472681045532, 1.4030938148498535, 1.426430106163025, 1.4050967693328857, 1.3828656673431396, 1.3798389434814453, 1.3996354341506958, 1.3769409656524658, 1.3624013662338257, 1.3600924015045166, 1.383211374282837, 1.3609821796417236, 1.3373794555664062, 1.3804892301559448, 1.3243095874786377, 1.347543478012085]}