{"accuracy": [0.15000000596046448, 0.1666666716337204, 0.25, 0.25, 0.28333333134651184, 0.3499999940395355, 0.38333332538604736, 0.46666666865348816, 0.44999998807907104, 0.5, 0.550000011920929, 0.5666666626930237, 0.5666666626930237, 0.6000000238418579, 0.6666666865348816, 0.7166666388511658, 0.6833333373069763, 0.7166666388511658, 0.7833333611488342, 0.8333333134651184, 0.8166666626930237, 0.7833333611488342, 0.8500000238418579, 0.8666666746139526, 0.8500000238418579, 0.8666666746139526, 0.8833333253860474, 0.8999999761581421, 0.8833333253860474, 0.8999999761581421], "loss": [2.7251574993133545, 2.3928749561309814, 2.246253490447998, 2.189044713973999, 2.112391233444214, 2.0344736576080322, 1.976274013519287, 1.8964875936508179, 1.8466968536376953, 1.7803255319595337, 1.7233494520187378, 1.654902696609497, 1.6053051948547363, 1.574305772781372, 1.4990235567092896, 1.454439401626587, 1.4212298393249512, 1.3442236185073853, 1.3059375286102295, 1.2670207023620605, 1.2228177785873413, 1.1876733303070068, 1.1559616327285767, 1.1255309581756592, 1.0801844596862793, 1.0322855710983276, 1.0111595392227173, 0.9820860028266907, 0.9460238218307495, 0.9243499636650085], "val_accuracy": [0.20000000298023224, 0.20000000298023224, 0.20000000298023224, 0.20000000298023224, 0.30000001192092896, 0.20000000298023224, 0.30000001192092896, 0.4000000059604645, 0.30000001192092896, 0.4000000059604645, 0.4000000059604645, 0.4000000059604645, 0.4000000059604645, 0.6000000238418579, 0.5, 0.5, 0.4000000059604645, 0.5, 0.6000000238418579, 0.6000000238418579, 0.4000000059604645, 0.6000000238418579, 0.6000000238418579, 0.6000000238418579, 0.6000000238418579, 0.6000000238418579, 0.6000000238418579, 0.5, 0.6000000238418579, 0.6000000238418579], "val_loss": [2.422966480255127, 2.191178560256958, 2.2198688983917236, 2.187549352645874, 2.1531410217285156, 2.056702136993408, 2.0944149494171143, 2.053858995437622, 2.0395610332489014, 1.985237717628479, 2.0136868953704834, 1.9572511911392212, 1.9291490316390991, 1.9233572483062744, 1.913935899734497, 1.8934005498886108, 1.886670708656311, 1.8417224884033203, 1.8157438039779663, 1.7873287200927734, 1.8159233331680298, 1.8053737878799438, 1.7851899862289429, 1.769553780555725, 1.720025658607483, 1.730787992477417, 1.748551607131958, 1.7184759378433228, 1.7028782367706299, 1.702816367149353]}