{"accuracy": [0.1666666716337204, 0.3166666626930237, 0.5833333134651184, 0.75, 0.8166666626930237, 0.8833333253860474, 0.8999999761581421, 0.9333333373069763, 0.9166666865348816, 0.949999988079071, 0.9666666388511658, 1.0, 0.9833333492279053, 0.9833333492279053, 1.0, 1.0, 1.0, 1.0, 1.0, 1.0, 1.0, 1.0, 1.0, 1.0, 1.0, 1.0, 1.0, 1.0, 1.0, 1.0], "loss": [2.8376517295837402, 2.011730909347534, 1.4717642068862915, 1.2048765420913696, 0.9297395944595337, 0.7799760103225708, 0.6811630725860596, 0.5300208926200867, 0.4255158603191376, 0.34598445892333984, 0.3345808982849121, 0.28173840045928955, 0.2424464225769043, 0.2146633267402649, 0.187757208943367, 0.16428229212760925, 0.1430966854095459, 0.12819309532642365, 0.12219846993684769, 0.1095767691731453, 0.10152988880872726, 0.09731929004192352, 0.08369280397891998, 0.0809401273727417, 0.07573460042476654, 0.07315530627965927, 0.06660626083612442, 0.061480700969696045, 0.05824178084731102, 0.05440851300954819], "val_accuracy": [0.20000000298023224, 0.5, 0.6000000238418579, 0.6000000238418579, 0.6000000238418579, 0.6000000238418579, 0.699999988079071, 0.6000000238418579, 0.699999988079071, 0.699999988079071, 0.699999988079071, 0.699999988079071, 0.6000000238418579, 0.699999988079071, 0.699999988079071, 0.6000000238418579, 0.699999988079071, 0.699999988079071, 0.699999988079071, 0.699999988079071, 0.699999988079071, 0.699999988079071, 0.699999988079071, 0.699999988079071, 0.699999988079071, 0.699999988079071, 0.699999988079071, 0.699999988079071, 0.699999988079071, 0.699999988079071], "val_loss": [2.411027193069458, 1.9209604263305664, 1.6866531372070312, 1.5759154558181763, 1.4694948196411133, 1.3311636447906494, 1.3713897466659546, 1.2982044219970703, 1.2077102661132812, 1.2136121988296509, 1.1782361268997192, 1.1720707416534424, 1.139068841934204, 1.1055290699005127, 1.146567702293396, 1.1051331758499146, 1.060234785079956, 1.0689373016357422, 1.0835528373718262, 1.0650880336761475, 1.0641101598739624, 1.0842525959014893, 1.0420238971710205, 1.0260827541351318, 1.0423271656036377, 1.033942461013794, 1.0502221584320068, 1.030946969985962, 1.0193300247192383, 1.0443285703659058]}