{"accuracy": [0.13333334028720856, 0.5166666507720947, 0.800000011920929, 0.8833333253860474, 0.949999988079071, 0.9666666388511658, 0.9833333492279053, 0.9833333492279053, 1.0, 1.0, 1.0, 1.0, 1.0, 1.0, 1.0, 1.0, 1.0, 1.0, 1.0, 1.0, 1.0, 1.0, 1.0, 1.0, 1.0, 1.0, 1.0, 1.0, 1.0, 1.0], "loss": [3.508152484893799, 1.4469255208969116, 0.7480716705322266, 0.5267130136489868, 0.31742048263549805, 0.24344776570796967, 0.17440550029277802, 0.14182443916797638, 0.11151327192783356, 0.09253955632448196, 0.08170243352651596, 0.07210514694452286, 0.06114743649959564, 0.055345844477415085, 0.048497214913368225, 0.04457832872867584, 0.040566347539424896, 0.03693145513534546, 0.03350699692964554, 0.03136659786105156, 0.028819559141993523, 0.027136366814374924, 0.02512398362159729, 0.02371549792587757, 0.02219981700181961, 0.020805584266781807, 0.019623709842562675, 0.018532056361436844, 0.017599087208509445, 0.01692052371799946], "val_accuracy": [0.5, 0.5, 0.6000000238418579, 0.6000000238418579, 0.6000000238418579, 0.6000000238418579, 0.5, 0.6000000238418579, 0.6000000238418579, 0.5, 0.5, 0.6000000238418579, 0.6000000238418579, 0.5, 0.6000000238418579, 0.6000000238418579, 0.6000000238418579, 0.6000000238418579, 0.699999988079071, 0.699999988079071, 0.699999988079071, 0.699999988079071, 0.699999988079071, 0.699999988079071, 0.699999988079071, 0.699999988079071, 0.699999988079071, 0.699999988079071, 0.699999988079071, 0.699999988079071], "val_loss": [1.9861927032470703, 1.647753119468689, 1.4569103717803955, 1.3807295560836792, 1.2448089122772217, 1.1540136337280273, 1.1822513341903687, 1.1054513454437256, 1.109432339668274, 1.089464545249939, 1.071097493171692, 1.0749679803848267, 1.028659462928772, 1.036826729774475, 1.0239200592041016, 1.0255887508392334, 1.0055572986602783, 1.0079175233840942, 1.008928656578064, 0.9982256889343262, 0.9937835931777954, 0.9925743341445923, 0.9981624484062195, 0.9856104850769043, 0.9794915914535522, 0.9824773669242859, 0.9770603179931641, 0.977054238319397, 0.9749529957771301, 0.9713770151138306]}