{"accuracy": [0.13333334028720856, 0.38333332538604736, 0.75, 0.8833333253860474, 0.8833333253860474, 0.9666666388511658, 0.9833333492279053, 0.9833333492279053, 1.0, 1.0, 1.0, 1.0, 1.0, 1.0, 1.0, 1.0, 1.0, 1.0, 1.0, 1.0, 1.0, 1.0, 1.0, 1.0, 1.0, 1.0, 1.0, 1.0, 1.0, 1.0], "loss": [3.42254638671875, 1.8601669073104858, 0.9678669571876526, 0.5814015865325928, 0.4970587491989136, 0.2567342519760132, 0.18718978762626648, 0.1494913250207901, 0.1258714497089386, 0.10741277784109116, 0.08911188691854477, 0.07088037580251694, 0.06688224524259567, 0.055471643805503845, 0.05003206804394722, 0.043543923646211624, 0.04070814698934555, 0.03723299875855446, 0.033940382301807404, 0.03228824958205223, 0.03045785427093506, 0.027226721867918968, 0.026314228773117065, 0.024151034653186798, 0.02299434319138527, 0.021806415170431137, 0.020418057218194008, 0.018894128501415253, 0.017806489020586014, 0.017360959202051163], "val_accuracy": [0.4000000059604645, 0.699999988079071, 0.6000000238418579, 0.699999988079071, 0.6000000238418579, 0.6000000238418579, 0.699999988079071, 0.6000000238418579, 0.6000000238418579, 0.699999988079071, 0.6000000238418579, 0.6000000238418579, 0.699999988079071, 0.800000011920929, 0.800000011920929, 0.699999988079071, 0.699999988079071, 0.699999988079071, 0.699999988079071, 0.699999988079071, 0.699999988079071, 0.699999988079071, 0.699999988079071, 0.699999988079071, 0.699999988079071, 0.699999988079071, 0.699999988079071, 0.699999988079071, 0.699999988079071, 0.699999988079071], "val_loss": [1.8577549457550049, 1.6127891540527344, 1.1736395359039307, 0.9550445675849915, 1.0105587244033813, 0.9407639503479004, 0.8696958422660828, 0.8726092576980591, 0.8996965289115906, 0.8416339159011841, 0.8434503674507141, 0.8539081811904907, 0.8523289561271667, 0.8105255365371704, 0.8314792513847351, 0.8069226145744324, 0.8064807057380676, 0.811606228351593, 0.8071259260177612, 0.7941611409187317, 0.7931659817695618, 0.7925828695297241, 0.7924089431762695, 0.7769252061843872, 0.7785024642944336, 0.7985367774963379, 0.7863801121711731, 0.773987889289856, 0.77204430103302, 0.7834799289703369]}