{"accuracy": [0.11666666716337204, 0.30000001192092896, 0.4166666567325592, 0.5333333611488342, 0.6499999761581421, 0.8166666626930237, 0.9166666865348816, 0.9333333373069763, 0.9166666865348816, 0.9833333492279053, 0.9666666388511658, 0.9833333492279053, 0.9833333492279053, 0.9833333492279053, 0.9833333492279053, 1.0, 1.0, 1.0, 1.0, 1.0, 1.0, 1.0, 1.0, 1.0, 1.0, 1.0, 1.0, 1.0, 1.0, 1.0], "loss": [2.575660467147827, 2.0484254360198975, 1.7866979837417603, 1.5067940950393677, 1.3389604091644287, 1.100158929824829, 0.9856996536254883, 0.8259664177894592, 0.7220591902732849, 0.6399641633033752, 0.5817133188247681, 0.49999815225601196, 0.4313962161540985, 0.3885461091995239, 0.35330501198768616, 0.32159754633903503, 0.2865324914455414, 0.2653340697288513, 0.24161690473556519, 0.21933254599571228, 0.20321395993232727, 0.18622781336307526, 0.17323242127895355, 0.16302067041397095, 0.15205377340316772, 0.1412581354379654, 0.13283643126487732, 0.12436864525079727, 0.11764537543058395, 0.11052703857421875], "val_accuracy": [0.20000000298023224, 0.20000000298023224, 0.5, 0.6000000238418579, 0.699999988079071, 0.6000000238418579, 0.699999988079071, 0.699999988079071, 0.699999988079071, 0.699999988079071, 0.699999988079071, 0.699999988079071, 0.699999988079071, 0.699999988079071, 0.699999988079071, 0.699999988079071, 0.699999988079071, 0.699999988079071, 0.699999988079071, 0.699999988079071, 0.699999988079071, 0.699999988079071, 0.699999988079071, 0.699999988079071, 0.699999988079071, 0.699999988079071, 0.699999988079071, 0.699999988079071, 0.699999988079071, 0.699999988079071], "val_loss": [2.2069714069366455, 2.072737216949463, 1.9442163705825806, 1.816878318786621, 1.6747887134552002, 1.6161003112792969, 1.5293352603912354, 1.443880319595337, 1.411245346069336, 1.365954041481018, 1.2974492311477661, 1.2785614728927612, 1.2389346361160278, 1.228197455406189, 1.1843488216400146, 1.2207926511764526, 1.1313707828521729, 1.150818943977356, 1.109608769416809, 1.1120022535324097, 1.1102955341339111, 1.101684808731079, 1.076695442199707, 1.0590541362762451, 1.0798027515411377, 1.0638564825057983, 1.0287694931030273, 1.034043550491333, 1.0409247875213623, 1.0265944004058838]}