{"accuracy": [0.11666666716337204, 0.1666666716337204, 0.23333333432674408, 0.4000000059604645, 0.46666666865348816, 0.5166666507720947, 0.6000000238418579, 0.6000000238418579, 0.6166666746139526, 0.6333333253860474, 0.6666666865348816, 0.7166666388511658, 0.7666666507720947, 0.7666666507720947, 0.7833333611488342, 0.7833333611488342, 0.800000011920929, 0.800000011920929, 0.8166666626930237, 0.8666666746139526, 0.8999999761581421, 0.9166666865348816, 0.9166666865348816, 0.9166666865348816, 0.9166666865348816, 0.9166666865348816, 0.9166666865348816, 0.9166666865348816, 0.9166666865348816, 0.9333333373069763], "loss": [2.3746232986450195, 2.2281992435455322, 2.102233648300171, 1.9912527799606323, 1.89258873462677, 1.7967039346694946, 1.7057149410247803, 1.6229039430618286, 1.5443453788757324, 1.4730513095855713, 1.40103280544281, 1.337656021118164, 1.2774630784988403, 1.2221025228500366, 1.1691298484802246, 1.1212836503982544, 1.076137661933899, 1.0291049480438232, 0.9876250624656677, 0.9471704363822937, 0.9101487398147583, 0.8777683973312378, 0.8443851470947266, 0.8122352361679077, 0.7829752564430237, 0.7546683549880981, 0.7298824191093445, 0.7040423154830933, 0.6812695264816284, 0.6577138900756836], "val_accuracy": [0.10000000149011612, 0.10000000149011612, 0.10000000149011612, 0.20000000298023224, 0.20000000298023224, 0.30000001192092896, 0.4000000059604645, 0.5, 0.5, 0.5, 0.5, 0.5, 0.5, 0.6000000238418579, 0.6000000238418579, 0.6000000238418579, 0.6000000238418579, 0.6000000238418579, 0.6000000238418579, 0.6000000238418579, 0.6000000238418579, 0.6000000238418579, 0.6000000238418579, 0.6000000238418579, 0.6000000238418579, 0.6000000238418579, 0.6000000238418579, 0.6000000238418579, 0.6000000238418579, 0.6000000238418579], "val_loss": [2.4709413051605225, 2.3833954334259033, 2.301908254623413, 2.223627805709839, 2.161111831665039, 2.083892822265625, 2.0272297859191895, 1.9708220958709717, 1.922062635421753, 1.8674675226211548, 1.8227367401123047, 1.7798683643341064, 1.7466961145401, 1.7088836431503296, 1.665757179260254, 1.6348546743392944, 1.5960683822631836, 1.5769370794296265, 1.557839274406433, 1.5219892263412476, 1.493273138999939, 1.4735313653945923, 1.4425256252288818, 1.4239295721054077, 1.4053797721862793, 1.3907291889190674, 1.3686466217041016, 1.3524668216705322, 1.3388408422470093, 1.3173141479492188]}