{"accuracy": [0.06666667014360428, 0.25, 0.4000000059604645, 0.5666666626930237, 0.8166666626930237, 0.8500000238418579, 0.9166666865348816, 0.949999988079071, 0.9666666388511658, 0.9833333492279053, 0.9833333492279053, 1.0, 1.0, 1.0, 1.0, 1.0, 1.0, 1.0, 1.0, 1.0, 1.0, 1.0, 1.0, 1.0, 1.0, 1.0, 1.0, 1.0, 1.0, 1.0], "loss": [3.134948968887329, 2.0784525871276855, 1.6990128755569458, 1.2727564573287964, 0.9767176508903503, 0.7891685366630554, 0.6351127624511719, 0.5260513424873352, 0.4122784733772278, 0.3587774634361267, 0.3230541944503784, 0.2983285188674927, 0.23830381035804749, 0.2085653841495514, 0.1900121122598648, 0.15880312025547028, 0.14824551343917847, 0.1372324675321579, 0.12232568114995956, 0.11623528599739075, 0.10315275192260742, 0.09424763172864914, 0.08924461156129837, 0.08438170701265335, 0.07590676844120026, 0.07293883711099625, 0.06695282459259033, 0.0630112886428833, 0.061266202479600906, 0.05731849744915962], "val_accuracy": [0.30000001192092896, 0.4000000059604645, 0.5, 0.6000000238418579, 0.699999988079071, 0.6000000238418579, 0.699999988079071, 0.800000011920929, 0.699999988079071, 0.699999988079071, 0.699999988079071, 0.800000011920929, 0.800000011920929, 0.699999988079071, 0.699999988079071, 0.800000011920929, 0.800000011920929, 0.8999999761581421, 0.800000011920929, 0.800000011920929, 0.800000011920929, 0.800000011920929, 0.800000011920929, 0.800000011920929, 0.800000011920929, 0.800000011920929, 0.800000011920929, 0.800000011920929, 0.800000011920929, 0.800000011920929], "val_loss": [1.952749252319336, 1.9787466526031494, 1.6177656650543213, 1.4574229717254639, 1.3707195520401, 1.354669451713562, 1.2614799737930298, 1.24115788936615, 1.1812807321548462, 1.1651418209075928, 1.1074316501617432, 1.1400701999664307, 1.1136531829833984, 1.1109488010406494, 1.0314620733261108, 1.0745879411697388, 1.0681811571121216, 1.0369856357574463, 1.049804449081421, 1.0344703197479248, 1.0295454263687134, 1.0006263256072998, 1.0248119831085205, 1.0117552280426025, 1.0407564640045166, 0.9941638708114624, 0.9747458696365356, 1.0020077228546143, 0.9954086542129517, 0.9849720001220703]}