{"accuracy": [0.1666666716337204, 0.3499999940395355, 0.550000011920929, 0.7166666388511658, 0.75, 0.7666666507720947, 0.8833333253860474, 0.9666666388511658, 0.9666666388511658, 1.0, 1.0, 1.0, 1.0, 1.0, 1.0, 1.0, 1.0, 1.0, 1.0, 1.0, 1.0, 1.0, 1.0, 1.0, 1.0, 1.0, 1.0, 1.0, 1.0, 1.0], "loss": [2.729395866394043, 1.9295936822891235, 1.3852061033248901, 1.0810972452163696, 0.8549531698226929, 0.7415921092033386, 0.5282495617866516, 0.439996600151062, 0.35294681787490845, 0.30774015188217163, 0.263284832239151, 0.2203640639781952, 0.1916799396276474, 0.16904468834400177, 0.15819145739078522, 0.13554522395133972, 0.12013094127178192, 0.11325331032276154, 0.10409893840551376, 0.09123584628105164, 0.08787449449300766, 0.07943067699670792, 0.07392728328704834, 0.06939807534217834, 0.06564818322658539, 0.06278112530708313, 0.05718285217881203, 0.053448889404535294, 0.05023343488574028, 0.04812351614236832], "val_accuracy": [0.30000001192092896, 0.4000000059604645, 0.4000000059604645, 0.6000000238418579, 0.6000000238418579, 0.6000000238418579, 0.6000000238418579, 0.6000000238418579, 0.6000000238418579, 0.6000000238418579, 0.6000000238418579, 0.6000000238418579, 0.6000000238418579, 0.699999988079071, 0.6000000238418579, 0.6000000238418579, 0.6000000238418579, 0.699999988079071, 0.6000000238418579, 0.699999988079071, 0.6000000238418579, 0.6000000238418579, 0.6000000238418579, 0.6000000238418579, 0.6000000238418579, 0.6000000238418579, 0.6000000238418579, 0.6000000238418579, 0.6000000238418579, 0.6000000238418579], "val_loss": [2.596989154815674, 2.0151777267456055, 1.93924081325531, 1.6983497142791748, 1.6018635034561157, 1.4922449588775635, 1.508481502532959, 1.3622642755508423, 1.4430221319198608, 1.3249479532241821, 1.3356274366378784, 1.2965264320373535, 1.2871017456054688, 1.2317003011703491, 1.2808705568313599, 1.2333920001983643, 1.2305018901824951, 1.2178542613983154, 1.2186709642410278, 1.2179529666900635, 1.1820614337921143, 1.1952369213104248, 1.1998920440673828, 1.1697386503219604, 1.1588563919067383, 1.1717573404312134, 1.1586263179779053, 1.1454477310180664, 1.1664698123931885, 1.1460901498794556]}