{"accuracy": [0.13333334028720856, 0.1666666716337204, 0.25, 0.28333333134651184, 0.36666667461395264, 0.5333333611488342, 0.5666666626930237, 0.6833333373069763, 0.7333333492279053, 0.75, 0.7666666507720947, 0.800000011920929, 0.800000011920929, 0.8333333134651184, 0.8500000238418579, 0.8500000238418579, 0.8500000238418579, 0.8666666746139526, 0.8666666746139526, 0.8666666746139526, 0.8666666746139526, 0.8666666746139526, 0.8666666746139526, 0.8833333253860474, 0.8999999761581421, 0.9166666865348816, 0.9166666865348816, 0.9166666865348816, 0.9166666865348816, 0.9166666865348816], "loss": [2.424686908721924, 2.263414144515991, 2.1310484409332275, 2.0174498558044434, 1.9110939502716064, 1.8131784200668335, 1.7211921215057373, 1.6365803480148315, 1.559707522392273, 1.48611581325531, 1.4131375551223755, 1.3543365001678467, 1.2876131534576416, 1.2321869134902954, 1.1754505634307861, 1.1278585195541382, 1.0810261964797974, 1.0354056358337402, 0.9923244118690491, 0.9521791338920593, 0.9155259728431702, 0.8817643523216248, 0.8489699959754944, 0.8194158673286438, 0.7869910001754761, 0.7602192163467407, 0.734088659286499, 0.7085987329483032, 0.6851102709770203, 0.6621564030647278], "val_accuracy": [0.10000000149011612, 0.20000000298023224, 0.4000000059604645, 0.4000000059604645, 0.4000000059604645, 0.4000000059604645, 0.5, 0.5, 0.6000000238418579, 0.6000000238418579, 0.6000000238418579, 0.6000000238418579, 0.6000000238418579, 0.6000000238418579, 0.6000000238418579, 0.6000000238418579, 0.6000000238418579, 0.6000000238418579, 0.6000000238418579, 0.6000000238418579, 0.699999988079071, 0.6000000238418579, 0.699999988079071, 0.699999988079071, 0.6000000238418579, 0.6000000238418579, 0.6000000238418579, 0.6000000238418579, 0.6000000238418579, 0.6000000238418579], "val_loss": [2.304729461669922, 2.2436776161193848, 2.180635929107666, 2.1246750354766846, 2.0599660873413086, 2.0066566467285156, 1.946009635925293, 1.8984428644180298, 1.8381404876708984, 1.7918084859848022, 1.7473951578140259, 1.6937477588653564, 1.6609306335449219, 1.6196781396865845, 1.5847249031066895, 1.5380172729492188, 1.5041615962982178, 1.474584937095642, 1.4469048976898193, 1.4181110858917236, 1.3909642696380615, 1.364141583442688, 1.337550401687622, 1.3142887353897095, 1.2900822162628174, 1.2701936960220337, 1.2499864101409912, 1.2281379699707031, 1.2141221761703491, 1.1970329284667969]}