{"accuracy": [0.11666666716337204, 0.36666667461395264, 0.5833333134651184, 0.8833333253860474, 0.949999988079071, 0.9666666388511658, 0.9666666388511658, 1.0, 0.9833333492279053, 1.0, 1.0, 1.0, 1.0, 1.0, 1.0, 1.0, 1.0, 1.0, 1.0, 1.0, 1.0, 1.0, 1.0, 1.0, 1.0, 1.0, 1.0, 1.0, 1.0, 1.0], "loss": [3.17024302482605, 1.8575798273086548, 1.1982158422470093, 0.5460686087608337, 0.3394266664981842, 0.2736409604549408, 0.2290736883878708, 0.16981998085975647, 0.12975673377513885, 0.08740459382534027, 0.068995900452137, 0.06032264605164528, 0.054972413927316666, 0.04679523780941963, 0.04340284317731857, 0.03944316878914833, 0.03574885427951813, 0.03427980840206146, 0.03175731375813484, 0.030493736267089844, 0.027422674000263214, 0.025459328666329384, 0.023897962644696236, 0.022070910781621933, 0.020833918824791908, 0.019771022722125053, 0.018709497526288033, 0.017900053411722183, 0.01679711788892746, 0.015941722318530083], "val_accuracy": [0.30000001192092896, 0.800000011920929, 0.699999988079071, 0.6000000238418579, 0.800000011920929, 0.699999988079071, 0.699999988079071, 0.699999988079071, 0.699999988079071, 0.6000000238418579, 0.699999988079071, 0.6000000238418579, 0.800000011920929, 0.6000000238418579, 0.6000000238418579, 0.699999988079071, 0.6000000238418579, 0.699999988079071, 0.6000000238418579, 0.6000000238418579, 0.699999988079071, 0.699999988079071, 0.6000000238418579, 0.6000000238418579, 0.6000000238418579, 0.6000000238418579, 0.6000000238418579, 0.6000000238418579, 0.699999988079071, 0.6000000238418579], "val_loss": [2.283480167388916, 1.1576483249664307, 1.117005705833435, 0.9996134638786316, 0.8724830746650696, 0.9569832682609558, 0.88563472032547, 0.8733307123184204, 0.7888286709785461, 0.8834587931632996, 0.8008071184158325, 0.8357013463973999, 0.8457738757133484, 0.7878554463386536, 0.8441516757011414, 0.7796329259872437, 0.8275724649429321, 0.7695025205612183, 0.8295855522155762, 0.7954953908920288, 0.7767788171768188, 0.7580629587173462, 0.8190386891365051, 0.7807247042655945, 0.7848212122917175, 0.7834619879722595, 0.790113627910614, 0.782548189163208, 0.7514055967330933, 0.7703908681869507]}