{"accuracy": [0.1666666716337204, 0.3333333432674408, 0.5, 0.6833333373069763, 0.800000011920929, 0.8666666746139526, 0.9333333373069763, 0.9166666865348816, 0.9333333373069763, 1.0, 1.0, 0.9833333492279053, 1.0, 0.9833333492279053, 1.0, 1.0, 1.0, 1.0, 1.0, 1.0, 1.0, 1.0, 1.0, 1.0, 1.0, 1.0, 1.0, 1.0, 1.0, 1.0], "loss": [2.8049521446228027, 1.977628231048584, 1.5654247999191284, 1.2439289093017578, 0.9977625608444214, 0.8105649948120117, 0.6568933725357056, 0.569652259349823, 0.458736777305603, 0.382903128862381, 0.3450474441051483, 0.2860603332519531, 0.26496511697769165, 0.23258201777935028, 0.19971920549869537, 0.19183991849422455, 0.16386571526527405, 0.15165434777736664, 0.1346965879201889, 0.1281060129404068, 0.1198226660490036, 0.11017289012670517, 0.09915804862976074, 0.09500709176063538, 0.08892997354269028, 0.08141039311885834, 0.07697688788175583, 0.07257495820522308, 0.06853214651346207, 0.06498967111110687], "val_accuracy": [0.20000000298023224, 0.5, 0.20000000298023224, 0.5, 0.6000000238418579, 0.6000000238418579, 0.6000000238418579, 0.6000000238418579, 0.6000000238418579, 0.699999988079071, 0.6000000238418579, 0.6000000238418579, 0.699999988079071, 0.6000000238418579, 0.6000000238418579, 0.6000000238418579, 0.6000000238418579, 0.699999988079071, 0.6000000238418579, 0.6000000238418579, 0.6000000238418579, 0.6000000238418579, 0.6000000238418579, 0.6000000238418579, 0.699999988079071, 0.6000000238418579, 0.6000000238418579, 0.6000000238418579, 0.699999988079071, 0.6000000238418579], "val_loss": [2.5171918869018555, 2.104468822479248, 1.8785921335220337, 1.8064639568328857, 1.5951263904571533, 1.4463677406311035, 1.358180046081543, 1.4148361682891846, 1.339264154434204, 1.2200161218643188, 1.2088890075683594, 1.1981823444366455, 1.175046443939209, 1.140077829360962, 1.1303400993347168, 1.1182472705841064, 1.1184183359146118, 1.091781497001648, 1.0830401182174683, 1.098117709159851, 1.0521758794784546, 1.0693374872207642, 1.060487985610962, 1.0516754388809204, 1.0571922063827515, 1.0329675674438477, 1.0343984365463257, 1.0381593704223633, 1.0317459106445312, 1.0369752645492554]}