{"accuracy": [0.0833333358168602, 0.15000000596046448, 0.2666666805744171, 0.3333333432674408, 0.4000000059604645, 0.5, 0.5666666626930237, 0.6333333253860474, 0.699999988079071, 0.7666666507720947, 0.800000011920929, 0.8333333134651184, 0.8500000238418579, 0.8666666746139526, 0.8666666746139526, 0.8666666746139526, 0.8666666746139526, 0.8833333253860474, 0.8833333253860474, 0.8833333253860474, 0.8833333253860474, 0.8833333253860474, 0.8999999761581421, 0.9166666865348816, 0.9166666865348816, 0.9166666865348816, 0.9166666865348816, 0.9166666865348816, 0.9333333373069763, 0.9333333373069763], "loss": [2.4430277347564697, 2.2842910289764404, 2.1533780097961426, 2.0444674491882324, 1.9352267980575562, 1.836668848991394, 1.7439119815826416, 1.6560242176055908, 1.5753173828125, 1.4944133758544922, 1.4272841215133667, 1.3540312051773071, 1.2892264127731323, 1.232089638710022, 1.1740059852600098, 1.122259497642517, 1.0692217350006104, 1.0266876220703125, 0.981401801109314, 0.9402092695236206, 0.9027157425880432, 0.8668191432952881, 0.8326745629310608, 0.8006685972213745, 0.7708489894866943, 0.7411132454872131, 0.7153675556182861, 0.6898216605186462, 0.6647776961326599, 0.6426035761833191], "val_accuracy": [0.10000000149011612, 0.30000001192092896, 0.30000001192092896, 0.30000001192092896, 0.30000001192092896, 0.30000001192092896, 0.5, 0.6000000238418579, 0.6000000238418579, 0.6000000238418579, 0.6000000238418579, 0.6000000238418579, 0.6000000238418579, 0.6000000238418579, 0.6000000238418579, 0.6000000238418579, 0.6000000238418579, 0.6000000238418579, 0.6000000238418579, 0.6000000238418579, 0.6000000238418579, 0.6000000238418579, 0.6000000238418579, 0.6000000238418579, 0.6000000238418579, 0.699999988079071, 0.699999988079071, 0.699999988079071, 0.699999988079071, 0.699999988079071], "val_loss": [2.444815158843994, 2.3589305877685547, 2.275139331817627, 2.208970546722412, 2.1335577964782715, 2.0718696117401123, 2.0170133113861084, 1.9560378789901733, 1.8829036951065063, 1.831843614578247, 1.7648999691009521, 1.7342125177383423, 1.6855449676513672, 1.6433483362197876, 1.6027530431747437, 1.5574023723602295, 1.527903437614441, 1.4918133020401, 1.4641740322113037, 1.430713415145874, 1.3976880311965942, 1.3781903982162476, 1.3530710935592651, 1.331504225730896, 1.3053653240203857, 1.2871010303497314, 1.2664299011230469, 1.250702142715454, 1.226848840713501, 1.21293306350708]}