{"accuracy": [0.0833333358168602, 0.15000000596046448, 0.25, 0.4166666567325592, 0.46666666865348816, 0.5333333611488342, 0.550000011920929, 0.6333333253860474, 0.699999988079071, 0.75, 0.800000011920929, 0.8166666626930237, 0.8166666626930237, 0.8333333134651184, 0.8333333134651184, 0.8166666626930237, 0.8500000238418579, 0.8500000238418579, 0.8666666746139526, 0.8833333253860474, 0.8999999761581421, 0.8999999761581421, 0.8999999761581421, 0.8999999761581421, 0.8999999761581421, 0.9333333373069763, 0.9333333373069763, 0.9666666388511658, 0.9666666388511658, 0.9666666388511658], "loss": [2.3850982189178467, 2.228376865386963, 2.1020681858062744, 1.9933453798294067, 1.8838871717453003, 1.7865030765533447, 1.6996434926986694, 1.6163008213043213, 1.5370279550552368, 1.4614530801773071, 1.394551157951355, 1.3314175605773926, 1.2707387208938599, 1.21408212184906, 1.1604100465774536, 1.1084994077682495, 1.0631494522094727, 1.0177533626556396, 0.9766920208930969, 0.934904932975769, 0.899957001209259, 0.867453932762146, 0.833258867263794, 0.8019205927848816, 0.7702440023422241, 0.7444766163825989, 0.7185501456260681, 0.6931660771369934, 0.6706022620201111, 0.6461144685745239], "val_accuracy": [0.10000000149011612, 0.10000000149011612, 0.20000000298023224, 0.20000000298023224, 0.20000000298023224, 0.20000000298023224, 0.30000001192092896, 0.30000001192092896, 0.4000000059604645, 0.6000000238418579, 0.6000000238418579, 0.6000000238418579, 0.6000000238418579, 0.6000000238418579, 0.699999988079071, 0.699999988079071, 0.699999988079071, 0.699999988079071, 0.699999988079071, 0.699999988079071, 0.699999988079071, 0.699999988079071, 0.699999988079071, 0.699999988079071, 0.699999988079071, 0.699999988079071, 0.699999988079071, 0.699999988079071, 0.699999988079071, 0.699999988079071], "val_loss": [2.2814345359802246, 2.214574098587036, 2.1566860675811768, 2.1009292602539062, 2.0386223793029785, 1.9649854898452759, 1.9212783575057983, 1.8666534423828125, 1.818742036819458, 1.7708044052124023, 1.7197868824005127, 1.6761448383331299, 1.6315135955810547, 1.6044933795928955, 1.5741446018218994, 1.5320769548416138, 1.5022295713424683, 1.476002812385559, 1.4412305355072021, 1.41156005859375, 1.3803050518035889, 1.3632242679595947, 1.332751989364624, 1.3139278888702393, 1.2904735803604126, 1.2698473930358887, 1.2588568925857544, 1.2367669343948364, 1.2135536670684814, 1.1971065998077393]}