{"accuracy": [0.10000000149011612, 0.28333333134651184, 0.46666666865348816, 0.7166666388511658, 0.7833333611488342, 0.8833333253860474, 0.9166666865348816, 0.9666666388511658, 0.9166666865348816, 0.9833333492279053, 1.0, 0.9833333492279053, 1.0, 1.0, 1.0, 1.0, 1.0, 1.0, 1.0, 1.0, 1.0, 1.0, 1.0, 1.0, 1.0, 1.0, 1.0, 1.0, 1.0, 1.0], "loss": [2.951140880584717, 2.132065534591675, 1.644426941871643, 1.2612972259521484, 1.0431853532791138, 0.8065556287765503, 0.6527159810066223, 0.5768429636955261, 0.530342698097229, 0.38979822397232056, 0.3239235579967499, 0.29522159695625305, 0.24713818728923798, 0.22188948094844818, 0.1893485188484192, 0.17774654924869537, 0.15523682534694672, 0.14117740094661713, 0.1277032494544983, 0.11861546337604523, 0.1055963858962059, 0.10300276428461075, 0.09301482886075974, 0.08502549678087234, 0.07673005759716034, 0.07591971009969711, 0.06954417377710342, 0.06514159590005875, 0.06327822059392929, 0.061537254601716995], "val_accuracy": [0.20000000298023224, 0.20000000298023224, 0.5, 0.30000001192092896, 0.5, 0.699999988079071, 0.5, 0.699999988079071, 0.699999988079071, 0.6000000238418579, 0.699999988079071, 0.699999988079071, 0.699999988079071, 0.699999988079071, 0.699999988079071, 0.699999988079071, 0.699999988079071, 0.699999988079071, 0.699999988079071, 0.699999988079071, 0.699999988079071, 0.699999988079071, 0.699999988079071, 0.699999988079071, 0.699999988079071, 0.699999988079071, 0.699999988079071, 0.699999988079071, 0.699999988079071, 0.699999988079071], "val_loss": [2.631983995437622, 2.1718039512634277, 1.9136877059936523, 1.7858211994171143, 1.659327745437622, 1.480426549911499, 1.4500130414962769, 1.4462071657180786, 1.2077971696853638, 1.3241846561431885, 1.220848798751831, 1.1768901348114014, 1.1688430309295654, 1.1352239847183228, 1.1448147296905518, 1.1082055568695068, 1.1060128211975098, 1.082402229309082, 1.0858843326568604, 1.0376609563827515, 1.02305006980896, 1.0719327926635742, 1.0218998193740845, 1.0476306676864624, 0.9943075180053711, 0.9748374223709106, 1.043230414390564, 1.000380516052246, 0.9808414578437805, 1.0218862295150757]}