{"accuracy": [0.10000000149011612, 0.3166666626930237, 0.5333333611488342, 0.7833333611488342, 0.7666666507720947, 0.8999999761581421, 0.8999999761581421, 0.9166666865348816, 0.9166666865348816, 0.949999988079071, 0.9666666388511658, 0.9833333492279053, 0.9833333492279053, 0.9833333492279053, 1.0, 1.0, 1.0, 1.0, 1.0, 1.0, 1.0, 1.0, 1.0, 1.0, 1.0, 1.0, 1.0, 1.0, 1.0, 1.0], "loss": [2.8612568378448486, 1.9915913343429565, 1.5887267589569092, 1.2583884000778198, 1.0113751888275146, 0.8216297030448914, 0.6970117688179016, 0.587489902973175, 0.4896897077560425, 0.508299708366394, 0.37913697957992554, 0.3500601351261139, 0.28641366958618164, 0.25853967666625977, 0.22431020438671112, 0.2035946100950241, 0.18138962984085083, 0.16625984013080597, 0.15032273530960083, 0.13701315224170685, 0.12714406847953796, 0.1183692216873169, 0.10967853665351868, 0.10414054244756699, 0.09316756576299667, 0.08756628632545471, 0.08335155993700027, 0.08466888964176178, 0.0804821327328682, 0.07126879692077637], "val_accuracy": [0.30000001192092896, 0.6000000238418579, 0.6000000238418579, 0.6000000238418579, 0.699999988079071, 0.699999988079071, 0.6000000238418579, 0.699999988079071, 0.699999988079071, 0.699999988079071, 0.699999988079071, 0.699999988079071, 0.699999988079071, 0.699999988079071, 0.699999988079071, 0.699999988079071, 0.699999988079071, 0.699999988079071, 0.699999988079071, 0.699999988079071, 0.699999988079071, 0.699999988079071, 0.699999988079071, 0.699999988079071, 0.699999988079071, 0.699999988079071, 0.699999988079071, 0.699999988079071, 0.699999988079071, 0.699999988079071], "val_loss": [2.1223325729370117, 1.8238728046417236, 1.6770321130752563, 1.5735008716583252, 1.4401545524597168, 1.3660601377487183, 1.2836250066757202, 1.2264070510864258, 1.1901280879974365, 1.1673038005828857, 1.1490193605422974, 1.1393206119537354, 1.1189987659454346, 1.1073520183563232, 1.0603241920471191, 1.0645548105239868, 1.0272369384765625, 1.063549280166626, 0.9841215014457703, 1.026145577430725, 1.0242958068847656, 0.9609602093696594, 0.9964272379875183, 0.9557110071182251, 0.9878734350204468, 0.9696251153945923, 0.9634310007095337, 0.9467427134513855, 0.9375542402267456, 0.9753764867782593]}