{"accuracy": [0.15000000596046448, 0.38333332538604736, 0.5, 0.800000011920929, 0.9333333373069763, 0.9333333373069763, 0.949999988079071, 1.0, 0.9833333492279053, 1.0, 1.0, 1.0, 1.0, 1.0, 1.0, 1.0, 1.0, 1.0, 1.0, 1.0, 1.0, 1.0, 1.0, 1.0, 1.0, 1.0, 1.0, 1.0, 1.0, 1.0], "loss": [5.214304447174072, 2.2932565212249756, 1.3877865076065063, 0.7234246730804443, 0.5018256306648254, 0.36064332723617554, 0.2707061767578125, 0.16905029118061066, 0.13874031603336334, 0.11742839962244034, 0.105009526014328, 0.07580513507127762, 0.06573975831270218, 0.05887056887149811, 0.05398984253406525, 0.0469418503344059, 0.042693279683589935, 0.03984678536653519, 0.03656544163823128, 0.03399238362908363, 0.030977023765444756, 0.02980983629822731, 0.02810264378786087, 0.02609146013855934, 0.02432491071522236, 0.022761354222893715, 0.021963156759738922, 0.02142072282731533, 0.019528601318597794, 0.018399370834231377], "val_accuracy": [0.20000000298023224, 0.30000001192092896, 0.20000000298023224, 0.20000000298023224, 0.5, 0.4000000059604645, 0.5, 0.5, 0.6000000238418579, 0.5, 0.6000000238418579, 0.5, 0.6000000238418579, 0.6000000238418579, 0.6000000238418579, 0.6000000238418579, 0.6000000238418579, 0.6000000238418579, 0.6000000238418579, 0.6000000238418579, 0.6000000238418579, 0.6000000238418579, 0.6000000238418579, 0.6000000238418579, 0.6000000238418579, 0.6000000238418579, 0.6000000238418579, 0.6000000238418579, 0.6000000238418579, 0.6000000238418579], "val_loss": [4.807019233703613, 2.540102958679199, 1.8902450799942017, 1.694312334060669, 1.5192382335662842, 1.3272920846939087, 1.163864016532898, 1.2589396238327026, 1.135292410850525, 1.1579618453979492, 1.1095669269561768, 1.096411108970642, 1.060757040977478, 1.1077088117599487, 1.0636236667633057, 1.060236930847168, 1.0513789653778076, 1.0603129863739014, 1.0475327968597412, 1.044386863708496, 1.0125658512115479, 1.0325791835784912, 1.0143258571624756, 1.0203180313110352, 1.021289587020874, 0.998409628868103, 1.0088165998458862, 1.0056393146514893, 1.0347201824188232, 1.0001986026763916]}