{"accuracy": [0.03333333507180214, 0.3333333432674408, 0.5666666626930237, 0.699999988079071, 0.800000011920929, 0.8500000238418579, 0.8833333253860474, 0.9666666388511658, 0.9833333492279053, 1.0, 1.0, 1.0, 1.0, 1.0, 1.0, 1.0, 1.0, 1.0, 1.0, 1.0, 1.0, 1.0, 1.0, 1.0, 1.0, 1.0, 1.0, 1.0, 1.0, 1.0], "loss": [2.8000779151916504, 2.01983380317688, 1.4901825189590454, 1.212537407875061, 0.9693273305892944, 0.8476470708847046, 0.6251251101493835, 0.5156546235084534, 0.42151153087615967, 0.35543328523635864, 0.3183053731918335, 0.2659875750541687, 0.2331848293542862, 0.21710215508937836, 0.18617913126945496, 0.16501447558403015, 0.15323443710803986, 0.14455892145633698, 0.12832628190517426, 0.11446361243724823, 0.10611758381128311, 0.10350549966096878, 0.08986321091651917, 0.08531416952610016, 0.07812484353780746, 0.07473132014274597, 0.07189170271158218, 0.07075569778680801, 0.06440166383981705, 0.05937885865569115], "val_accuracy": [0.0, 0.20000000298023224, 0.30000001192092896, 0.6000000238418579, 0.6000000238418579, 0.6000000238418579, 0.699999988079071, 0.6000000238418579, 0.699999988079071, 0.699999988079071, 0.699999988079071, 0.6000000238418579, 0.699999988079071, 0.699999988079071, 0.699999988079071, 0.699999988079071, 0.699999988079071, 0.699999988079071, 0.699999988079071, 0.699999988079071, 0.699999988079071, 0.699999988079071, 0.699999988079071, 0.699999988079071, 0.699999988079071, 0.699999988079071, 0.699999988079071, 0.6000000238418579, 0.699999988079071, 0.699999988079071], "val_loss": [2.094684600830078, 2.243492841720581, 1.7601649761199951, 1.6470763683319092, 1.5146875381469727, 1.4572842121124268, 1.3157216310501099, 1.2789217233657837, 1.175065279006958, 1.1630128622055054, 1.1114802360534668, 1.1177399158477783, 1.010910987854004, 1.0304715633392334, 1.0076720714569092, 1.003631353378296, 0.9695024490356445, 0.9837547540664673, 0.9194579124450684, 0.9630993008613586, 0.9498974084854126, 0.9134235382080078, 0.9392849206924438, 0.9003833532333374, 0.9027999639511108, 0.892794132232666, 0.8921314477920532, 0.9315325021743774, 0.8456805348396301, 0.8964627385139465]}