{"accuracy": [0.0833333358168602, 0.36666667461395264, 0.5666666626930237, 0.7333333492279053, 0.800000011920929, 0.8833333253860474, 0.9666666388511658, 0.9333333373069763, 0.9666666388511658, 1.0, 1.0, 1.0, 1.0, 1.0, 1.0, 1.0, 1.0, 1.0, 1.0, 1.0, 1.0, 1.0, 1.0, 1.0, 1.0, 1.0, 1.0, 1.0, 1.0, 1.0], "loss": [2.8557686805725098, 2.0409865379333496, 1.486452341079712, 1.1910381317138672, 0.9847734570503235, 0.7848832011222839, 0.5818960070610046, 0.545384407043457, 0.42289742827415466, 0.3455966114997864, 0.2948151230812073, 0.25426045060157776, 0.2154926359653473, 0.19396452605724335, 0.17303037643432617, 0.15844430029392242, 0.14524732530117035, 0.12852904200553894, 0.12346695363521576, 0.11208780109882355, 0.09962061047554016, 0.09328429400920868, 0.08505957573652267, 0.08239937573671341, 0.07517857849597931, 0.06987302750349045, 0.0658220425248146, 0.0616353303194046, 0.05854462832212448, 0.056039370596408844], "val_accuracy": [0.4000000059604645, 0.20000000298023224, 0.4000000059604645, 0.4000000059604645, 0.4000000059604645, 0.4000000059604645, 0.4000000059604645, 0.4000000059604645, 0.699999988079071, 0.5, 0.5, 0.6000000238418579, 0.4000000059604645, 0.5, 0.4000000059604645, 0.5, 0.6000000238418579, 0.4000000059604645, 0.6000000238418579, 0.5, 0.6000000238418579, 0.5, 0.4000000059604645, 0.5, 0.6000000238418579, 0.5, 0.5, 0.6000000238418579, 0.5, 0.6000000238418579], "val_loss": [2.480506420135498, 2.1259074211120605, 1.9443302154541016, 1.8731876611709595, 1.6557762622833252, 1.613677740097046, 1.5185407400131226, 1.5915476083755493, 1.4172700643539429, 1.4702237844467163, 1.3697240352630615, 1.3897489309310913, 1.4047611951828003, 1.3060137033462524, 1.360995888710022, 1.3017032146453857, 1.3338619470596313, 1.3153125047683716, 1.296600341796875, 1.2822989225387573, 1.3045654296875, 1.2702844142913818, 1.2666164636611938, 1.2601110935211182, 1.258252739906311, 1.2858161926269531, 1.2635139226913452, 1.243955373764038, 1.2265851497650146, 1.2290170192718506]}