{"accuracy": [0.10000000149011612, 0.4833333194255829, 0.75, 0.8999999761581421, 1.0, 1.0, 1.0, 1.0, 1.0, 1.0, 1.0, 1.0, 1.0, 1.0, 1.0, 1.0, 1.0, 1.0, 1.0, 1.0, 1.0, 1.0, 1.0, 1.0, 1.0, 1.0, 1.0, 1.0, 1.0, 1.0], "loss": [2.796133518218994, 1.8559527397155762, 1.254254698753357, 0.8267526030540466, 0.529182493686676, 0.3490235507488251, 0.24746650457382202, 0.1825539618730545, 0.14495877921581268, 0.11816541850566864, 0.10018503665924072, 0.08497076481580734, 0.07492763549089432, 0.06494084745645523, 0.05796777829527855, 0.052083007991313934, 0.04684208706021309, 0.04278738424181938, 0.03936723992228508, 0.03608765825629234, 0.033299535512924194, 0.030962130054831505, 0.02878742851316929, 0.02689577080309391, 0.02514205127954483, 0.023655133321881294, 0.022290144115686417, 0.021007852628827095, 0.01991485245525837, 0.018819570541381836], "val_accuracy": [0.20000000298023224, 0.10000000149011612, 0.4000000059604645, 0.4000000059604645, 0.4000000059604645, 0.4000000059604645, 0.4000000059604645, 0.4000000059604645, 0.4000000059604645, 0.4000000059604645, 0.4000000059604645, 0.4000000059604645, 0.4000000059604645, 0.4000000059604645, 0.4000000059604645, 0.4000000059604645, 0.4000000059604645, 0.4000000059604645, 0.4000000059604645, 0.4000000059604645, 0.4000000059604645, 0.4000000059604645, 0.4000000059604645, 0.4000000059604645, 0.4000000059604645, 0.4000000059604645, 0.4000000059604645, 0.4000000059604645, 0.4000000059604645, 0.4000000059604645], "val_loss": [2.4512970447540283, 2.4207911491394043, 2.3081564903259277, 2.2818961143493652, 2.2016818523406982, 2.149419069290161, 2.0926506519317627, 2.1077029705047607, 2.095215082168579, 2.072556734085083, 2.066284656524658, 2.071199893951416, 2.0649912357330322, 2.056657314300537, 2.0518338680267334, 2.049535036087036, 2.0510764122009277, 2.0462486743927, 2.047442674636841, 2.041842460632324, 2.045563220977783, 2.0426604747772217, 2.038360595703125, 2.0409836769104004, 2.0401556491851807, 2.0375020503997803, 2.041888475418091, 2.039374351501465, 2.040811061859131, 2.0374090671539307]}