{"accuracy": [0.05999999865889549, 0.3199999928474426, 0.5, 0.6800000071525574, 0.8399999737739563, 0.8600000143051147, 0.8799999952316284, 0.9399999976158142, 0.9599999785423279, 0.9800000190734863, 1.0, 1.0, 1.0, 1.0, 1.0, 1.0, 1.0, 1.0, 1.0, 1.0, 1.0, 1.0, 1.0, 1.0, 1.0, 1.0, 1.0, 1.0, 1.0, 1.0], "loss": [2.8690185546875, 2.0629448890686035, 1.7637722492218018, 1.4293110370635986, 1.1747844219207764, 0.9773791432380676, 0.818038284778595, 0.6911407113075256, 0.5891919732093811, 0.5075865387916565, 0.44115954637527466, 0.3864603340625763, 0.3411146402359009, 0.30314508080482483, 0.2710920572280884, 0.24384228885173798, 0.22051312029361725, 0.20041361451148987, 0.18299447000026703, 0.16781212389469147, 0.15450769662857056, 0.1427885890007019, 0.13241493701934814, 0.1231890395283699, 0.11494731158018112, 0.10755352675914764, 0.1008940115571022, 0.09487302601337433, 0.08941006660461426, 0.08443664759397507], "val_accuracy": [0.13333334028720856, 0.20000000298023224, 0.36666667461395264, 0.46666666865348816, 0.5, 0.5, 0.5, 0.5333333611488342, 0.5333333611488342, 0.5333333611488342, 0.5666666626930237, 0.6000000238418579, 0.6333333253860474, 0.6666666865348816, 0.6666666865348816, 0.6666666865348816, 0.6666666865348816, 0.699999988079071, 0.699999988079071, 0.699999988079071, 0.699999988079071, 0.699999988079071, 0.699999988079071, 0.699999988079071, 0.699999988079071, 0.699999988079071, 0.699999988079071, 0.699999988079071, 0.699999988079071, 0.699999988079071], "val_loss": [2.3517813682556152, 2.1609063148498535, 1.9422626495361328, 1.785978078842163, 1.6579692363739014, 1.5545448064804077, 1.4701557159423828, 1.3999158143997192, 1.3420709371566772, 1.2940521240234375, 1.2536722421646118, 1.2193344831466675, 1.1899268627166748, 1.1645766496658325, 1.142569899559021, 1.1233114004135132, 1.1063262224197388, 1.0912506580352783, 1.0777887105941772, 1.0656983852386475, 1.0547819137573242, 1.0448777675628662, 1.0358515977859497, 1.0275931358337402, 1.0200083255767822, 1.0130188465118408, 1.0065580606460571, 1.0005687475204468, 0.9950015544891357, 0.9898145198822021]}