{"accuracy": [0.07999999821186066, 0.2800000011920929, 0.41999998688697815, 0.6000000238418579, 0.7599999904632568, 0.8199999928474426, 0.8399999737739563, 0.8600000143051147, 0.9200000166893005, 0.9599999785423279, 0.9599999785423279, 0.9800000190734863, 1.0, 1.0, 1.0, 1.0, 1.0, 1.0, 1.0, 1.0, 1.0, 1.0, 1.0, 1.0, 1.0, 1.0, 1.0, 1.0, 1.0, 1.0], "loss": [2.743600606918335, 1.957183599472046, 1.6919894218444824, 1.4488766193389893, 1.2364698648452759, 1.0579602718353271, 0.9086675047874451, 0.7837768197059631, 0.6791512370109558, 0.5915123224258423, 0.5180792212486267, 0.4563511312007904, 0.4042198956012726, 0.3599860966205597, 0.32227256894111633, 0.2899564504623413, 0.262125164270401, 0.23803816735744476, 0.21709182858467102, 0.19879142940044403, 0.18272937834262848, 0.16856878995895386, 0.15603025257587433, 0.14488109946250916, 0.13492701947689056, 0.12600521743297577, 0.1179785430431366, 0.11073145270347595, 0.10416577756404877, 0.09819814562797546], "val_accuracy": [0.10000000149011612, 0.23333333432674408, 0.20000000298023224, 0.1666666716337204, 0.23333333432674408, 0.23333333432674408, 0.20000000298023224, 0.23333333432674408, 0.23333333432674408, 0.2666666805744171, 0.30000001192092896, 0.30000001192092896, 0.30000001192092896, 0.4000000059604645, 0.4000000059604645, 0.4000000059604645, 0.4000000059604645, 0.4000000059604645, 0.4000000059604645, 0.4000000059604645, 0.4000000059604645, 0.4000000059604645, 0.4000000059604645, 0.4000000059604645, 0.4000000059604645, 0.4000000059604645, 0.4000000059604645, 0.4333333373069763, 0.4333333373069763, 0.4333333373069763], "val_loss": [2.710345506668091, 2.6771857738494873, 2.605560541152954, 2.5287063121795654, 2.451681137084961, 2.3903772830963135, 2.344639539718628, 2.3047420978546143, 2.270101547241211, 2.242565870285034, 2.2211482524871826, 2.2043464183807373, 2.1913628578186035, 2.1816132068634033, 2.174511671066284, 2.1695544719696045, 2.166346311569214, 2.164567708969116, 2.1639504432678223, 2.1642720699310303, 2.165349245071411, 2.1670336723327637, 2.1692047119140625, 2.171764612197876, 2.174633741378784, 2.1777474880218506, 2.1810543537139893, 2.1845109462738037, 2.1880836486816406, 2.1917436122894287]}