{"accuracy": [0.10000000149011612, 0.3799999952316284, 0.5, 0.6600000262260437, 0.7599999904632568, 0.8600000143051147, 0.8799999952316284, 0.9200000166893005, 0.9200000166893005, 0.9399999976158142, 0.9800000190734863, 0.9800000190734863, 0.9800000190734863, 1.0, 1.0, 1.0, 1.0, 1.0, 1.0, 1.0, 1.0, 1.0, 1.0, 1.0, 1.0, 1.0, 1.0, 1.0, 1.0, 1.0], "loss": [2.6727545261383057, 1.8817882537841797, 1.616699457168579, 1.378772497177124, 1.1770185232162476, 1.005715250968933, 0.8605375289916992, 0.7403834462165833, 0.6412490606307983, 0.5587988495826721, 0.48986366391181946, 0.4319491982460022, 0.3830105662345886, 0.3414207696914673, 0.30589181184768677, 0.275391548871994, 0.24908447265625, 0.22628919780254364, 0.20644734799861908, 0.18909870088100433, 0.17386259138584137, 0.16042344272136688, 0.1485186666250229, 0.1379292905330658, 0.12847210466861725, 0.11999332159757614, 0.11236344277858734, 0.10547315329313278, 0.09922958165407181, 0.09355372935533524], "val_accuracy": [0.06666667014360428, 0.10000000149011612, 0.13333334028720856, 0.13333334028720856, 0.20000000298023224, 0.23333333432674408, 0.23333333432674408, 0.23333333432674408, 0.23333333432674408, 0.23333333432674408, 0.23333333432674408, 0.23333333432674408, 0.23333333432674408, 0.2666666805744171, 0.2666666805744171, 0.2666666805744171, 0.2666666805744171, 0.2666666805744171, 0.2666666805744171, 0.2666666805744171, 0.2666666805744171, 0.2666666805744171, 0.2666666805744171, 0.2666666805744171, 0.2666666805744171, 0.2666666805744171, 0.2666666805744171, 0.2666666805744171, 0.2666666805744171, 0.2666666805744171], "val_loss": [2.6982994079589844, 2.550762176513672, 2.496316909790039, 2.4415342807769775, 2.361560344696045, 2.298691511154175, 2.261000394821167, 2.2327284812927246, 2.2095887660980225, 2.1931166648864746, 2.182342052459717, 2.175443172454834, 2.1714816093444824, 2.1699378490448, 2.1702685356140137, 2.171973943710327, 2.1746866703033447, 2.178149461746216, 2.1821699142456055, 2.186596632003784, 2.1913130283355713, 2.196230888366699, 2.2012853622436523, 2.206425428390503, 2.2116143703460693, 2.216822624206543, 2.222029209136963, 2.22721791267395, 2.2323758602142334, 2.2374939918518066]}