{"accuracy": [0.13333334028720856, 0.38333332538604736, 0.6166666746139526, 0.699999988079071, 0.8999999761581421, 0.9166666865348816, 0.9833333492279053, 0.9666666388511658, 0.9833333492279053, 0.949999988079071, 0.949999988079071, 0.9833333492279053, 1.0, 1.0, 1.0, 1.0, 1.0, 1.0, 1.0, 1.0, 1.0, 1.0, 1.0, 1.0, 1.0, 1.0, 1.0, 1.0, 1.0, 1.0], "loss": [2.6520779132843018, 1.8913182020187378, 1.4881901741027832, 1.1975468397140503, 0.9435655474662781, 0.7515392899513245, 0.6209059953689575, 0.5196318030357361, 0.4249969720840454, 0.4103364050388336, 0.3711284399032593, 0.29915496706962585, 0.25251278281211853, 0.208582803606987, 0.192355677485466, 0.17771603167057037, 0.15766416490077972, 0.1436627209186554, 0.13224683701992035, 0.11851891875267029, 0.11082539707422256, 0.1041053757071495, 0.09495488554239273, 0.09019504487514496, 0.08529199659824371, 0.07788778096437454, 0.07505213469266891, 0.06964429467916489, 0.06465364247560501, 0.06177274137735367], "val_accuracy": [0.4000000059604645, 0.4000000059604645, 0.6000000238418579, 0.6000000238418579, 0.699999988079071, 0.699999988079071, 0.699999988079071, 0.699999988079071, 0.6000000238418579, 0.699999988079071, 0.699999988079071, 0.699999988079071, 0.800000011920929, 0.6000000238418579, 0.6000000238418579, 0.699999988079071, 0.699999988079071, 0.699999988079071, 0.699999988079071, 0.699999988079071, 0.800000011920929, 0.699999988079071, 0.699999988079071, 0.699999988079071, 0.699999988079071, 0.699999988079071, 0.699999988079071, 0.699999988079071, 0.699999988079071, 0.800000011920929], "val_loss": [2.101665496826172, 1.9833228588104248, 1.672552466392517, 1.647256851196289, 1.4322144985198975, 1.3368701934814453, 1.2936854362487793, 1.2479288578033447, 1.171123743057251, 1.133718729019165, 1.179085373878479, 1.055368423461914, 1.12899911403656, 1.0556137561798096, 1.0352442264556885, 1.0129287242889404, 1.0573135614395142, 1.0037400722503662, 1.020803689956665, 0.9809101819992065, 0.9745513796806335, 0.9786707162857056, 0.9713541269302368, 0.9555330276489258, 0.9687973856925964, 0.9436376690864563, 0.9397192001342773, 0.9485348463058472, 0.9500502347946167, 0.9318807721138]}